MYCT,MMIN,MMAX,CACH,CHMIN,CHMAX,VendorName_code,ModelName_code,ERP,y_rank
-0.30358614201868456,-0.6750259803415625,-0.4954622067645228,5.694207845659069,1.6619887302658167,4.231033341414572,-2.13286074133418,-1.2431128952471173,0.6455869150858372,6
-0.673329516637046,1.3262908245891532,1.727049367946321,0.16762947053727253,0.4855089855560599,0.5294787516290147,-1.9990366960208072,-0.6961432213383857,0.9953585978499273,6
-0.673329516637046,1.3262908245891532,1.727049367946321,0.16762947053727253,0.4855089855560599,0.5294787516290147,-1.9990366960208072,-0.6795683827350908,0.9953585978499273,6
-0.673329516637046,1.3262908245891532,1.727049367946321,0.16762947053727253,0.4855089855560599,0.5294787516290147,-1.9990366960208072,-0.6629935441317959,0.9953585978499273,5
-0.673329516637046,1.3262908245891532,0.3593499373550325,0.16762947053727253,0.4855089855560599,-0.08744701333524495,-1.9990366960208072,-0.646418705528501,0.21161093832298483,5
-0.6848839970938698,1.3262908245891532,1.727049367946321,0.9571406669832434,0.4855089855560599,0.5294787516290147,-1.9990366960208072,-0.6298438669252061,1.235016973077174,6
-0.6964384775506937,3.3937668627407187,1.727049367946321,0.9571406669832434,1.6619887302658167,0.5294787516290147,-1.9990366960208072,-0.4972451580988469,1.824447031068511,6
-0.6964384775506937,3.3937668627407187,1.727049367946321,0.9571406669832434,1.6619887302658167,0.5294787516290147,-1.9990366960208072,-0.480670319495552,1.824447031068511,6
-0.6964384775506937,3.3937668627407187,4.462448229128898,0.9571406669832434,1.6619887302658167,0.5294787516290147,-1.9990366960208072,-0.4640954808922571,4.208076276571939,6
-0.6964384775506937,7.528718939043851,4.462448229128898,2.536163059875185,4.014948219685331,1.7633302815575338,-1.9990366960208072,-0.4475206422889622,7.375453181602309,6
0.7555745665234967,-0.4827507087934668,-0.7519058500003893,-0.6218817259086983,-0.5439107910649774,-0.6272570576789721,-1.865212650707435,0.7292928985449755,-0.4944096805897153,3
0.7555745665234967,-0.6088667471207123,-0.7091652427944116,-0.523192826352952,-0.5439107910649774,-0.4730256164379072,-1.865212650707435,0.7458677371482704,-0.48793242720519514,3
-0.5539332185832001,-0.2243162040245211,-0.32449977794061174,0.98181289187218,-0.5439107910649774,-0.39590989581737474,-1.7313886053940624,-0.19889806323953876,-0.18997877151726664,5
-0.5924481534392795,0.2925528055133703,0.3593499373550325,0.98181289187218,-0.5439107910649774,-0.39590989581737474,-1.7313886053940624,-0.18232322463624387,0.11445213755518205,5
0.5629998922431002,-0.7246454052572,-1.0028786955138909,-0.6218817259086983,-0.5439107910649774,-0.5501413370584396,-1.59756456008069,-0.5138199967021418,-0.5462277076658768,1
-0.014724130598089635,-0.6088667471207123,0.3593499373550325,-0.6218817259086983,-0.10273088679881853,0.5294787516290147,-1.59756456008069,-0.033149677206589796,-0.22884229182438773,3
-0.1418234156231514,-0.605765533063485,-0.8373870644123449,-0.42450392679720556,-0.10273088679881853,-0.12600487364551116,-1.4637405147673175,0.4143709650823724,-0.4944096805897153,1
-0.23425925927774177,-0.6088667471207123,-0.5809434211764783,-0.6218817259086983,0.3384490174673403,0.5294787516290147,-1.4637405147673175,0.4309458036856673,-0.4555461602825942,2
-0.23425925927774177,-0.4827507087934668,-0.8373870644123449,-0.6218817259086983,0.04432908128990108,-0.08744701333524495,-1.4637405147673175,0.4475206422889622,-0.5008869339742354,2
-0.3613585443028035,0.5509873102823161,-0.5809434211764783,2.881574208320297,0.4855089855560599,1.7633302815575338,-1.4637405147673175,0.4640954808922571,0.15979291124682335,5
-0.23425925927774177,-0.353533456408994,-0.46981784244093616,-0.6218817259086983,0.04432908128990108,0.5294787516290147,-1.4637405147673175,0.480670319495552,-0.4166826399754731,2
-0.23425925927774177,0.059961751221319186,-0.4783659638821317,-0.6218817259086983,0.04432908128990108,0.06678442790581995,-1.4637405147673175,0.4972451580988469,-0.3907736264373924,2
-0.23425925927774177,-0.1467858525938374,-0.4783659638821317,-0.6218817259086983,0.1913890493786207,1.7633302815575338,-1.4637405147673175,0.5138199967021418,-0.3842963730528722,4
-0.3613585443028035,0.059961751221319186,-0.4783659638821317,-0.6218817259086983,0.1913890493786207,1.7633302815575338,-1.4637405147673175,0.5303948353054367,-0.35191010613027124,5
0.44745508767486225,-0.7081055969519875,-0.4954622067645228,-0.6218817259086983,-0.5439107910649774,-0.24167845457630985,-1.3299164694539451,-0.4143709650823724,-0.4620234136671144,2
0.44745508767486225,-0.6088667471207123,-0.8373870644123449,-0.523192826352952,-0.5439107910649774,-0.5886991973687059,-1.3299164694539451,1.3591367654701816,-0.5073641873587557,4
0.44745508767486225,-0.6750259803415625,-0.4954622067645228,-0.6218817259086983,-0.5439107910649774,-0.4730256164379072,-1.3299164694539451,1.3757116040734765,-0.4620234136671144,2
0.44745508767486225,-0.6750259803415625,-0.7519058500003893,-0.523192826352952,-0.5439107910649774,-0.5886991973687059,-1.3299164694539451,1.3922864426767714,-0.5008869339742354,2
0.44745508767486225,-0.6088667471207123,-0.5809434211764783,-0.523192826352952,-0.5439107910649774,-0.5115834767481734,-1.3299164694539451,1.4088612812800663,-0.4620234136671144,5
0.44745508767486225,-0.6750259803415625,-0.5809434211764783,-0.523192826352952,-0.5439107910649774,-0.4730256164379072,-1.3299164694539451,1.4254361198833612,-0.46850066705163457,2
-0.6887354905794778,-0.40263601231509366,-0.7843887114769325,2.610179734541995,1.0737488579109384,0.22101586914688484,-1.0622683788272003,0.5966941897186163,0.01729333678737928,6
-0.6887354905794778,-0.40263601231509366,-0.7843887114769325,2.610179734541995,1.0737488579109384,0.22101586914688484,-1.0622683788272003,0.6132690283219112,0.01729333678737928,6
-0.5924481534392795,-0.06408681106777477,-0.11250636619896202,0.11828502075939937,1.0737488579109384,0.22101586914688484,-1.0622683788272003,0.6298438669252061,-0.16406975797918588,2
-0.5924481534392795,-0.06408681106777477,-0.11250636619896202,0.11828502075939937,1.0737488579109384,0.22101586914688484,-1.0622683788272003,0.646418705528501,-0.16406975797918588,4
-0.5693391925256319,0.613011591426863,0.7841915729824515,0.11828502075939937,1.0737488579109384,0.22101586914688484,-1.0622683788272003,0.6629935441317959,0.2504744586301059,5
-0.5385272446407684,0.613011591426863,0.7841915729824515,0.11828502075939937,1.0737488579109384,0.22101586914688484,-1.0622683788272003,0.6795683827350908,0.23751995186106556,6
-0.5924481534392795,-0.6119679611779397,-0.8373870644123449,-0.42450392679720556,-0.5439107910649774,-0.5501413370584396,-1.0622683788272003,1.292837411057002,-0.4944096805897153,1
-0.5924481534392795,-0.4827507087934668,-0.6664246355884339,-0.42450392679720556,-0.5439107910649774,-0.5115834767481734,-1.0622683788272003,1.309412249660297,-0.4555461602825942,2
-0.5924481534392795,-0.2243162040245211,-0.32449977794061174,-0.42450392679720556,-0.5439107910649774,-0.5115834767481734,-1.0622683788272003,1.3259870882635918,-0.35838735951479145,4
-0.5924481534392795,-0.4827507087934668,-0.6664246355884339,-0.42450392679720556,-0.24979085488753813,-0.5115834767481734,-1.1960924241405726,-1.59118450591631,-0.44906890689807405,2
-0.5924481534392795,-0.4827507087934668,-0.32449977794061174,-0.42450392679720556,-0.24979085488753813,-0.5115834767481734,-1.1960924241405726,-1.5746096673130152,-0.37781911966835197,3
-0.5924481534392795,-0.2243162040245211,0.3593499373550325,-0.42450392679720556,-0.24979085488753813,-0.5115834767481734,-1.1960924241405726,-1.5580348287097203,-0.16406975797918588,3
-0.5924481534392795,-0.2243162040245211,0.3593499373550325,-0.42450392679720556,-0.24979085488753813,-0.4730256164379072,-1.1960924241405726,-1.5414599901064254,-0.16406975797918588,4
-0.5924481534392795,-0.2243162040245211,0.3593499373550325,-0.42450392679720556,-0.24979085488753813,-0.4730256164379072,-1.1960924241405726,-1.5248851515031305,-0.16406975797918588,4
-0.2727741941338211,-0.4827507087934668,0.01742507970721038,-0.399831701908269,-0.24979085488753813,-0.24167845457630985,-0.9284443335138278,0.6961432213383857,-0.2936148256695896,4
-0.2727741941338211,-0.4827507087934668,-0.32449977794061174,-0.399831701908269,-0.24979085488753813,-0.24167845457630985,-0.9284443335138278,0.7127180599416806,-0.37781911966835197,4
2.334686895622749,-0.6088667471207123,-0.9645831114573348,-0.42450392679720556,-0.5439107910649774,-0.6658149179892383,-0.9284443335138278,1.2762625724537071,-0.5267959475123163,1
2.334686895622749,-0.4827507087934668,-0.5809434211764783,-0.6218817259086983,-0.5439107910649774,-0.6658149179892383,-0.9284443335138278,1.6574838603294897,-0.4620234136671144,1
0.44745508767486225,-0.6088667471207123,-0.32449977794061174,-0.523192826352952,-0.5439107910649774,-0.5115834767481734,-0.9284443335138278,1.6740586989327846,-0.4102053865909529,3
-0.014724130598089635,-0.6088667471207123,-0.32449977794061174,-0.42450392679720556,-0.5439107910649774,-0.39590989581737474,-0.9284443335138278,1.6906335375360795,-0.39725087982191254,4
1.9110226122058764,-0.6419463637311373,-0.32449977794061174,-0.6218817259086983,-0.5439107910649774,-0.6658149179892383,-0.7946202882004554,0.9779154775943989,-0.42315989335999327,2
1.9110226122058764,-0.6750259803415625,-0.8373870644123449,-0.6218817259086983,-0.5439107910649774,-0.6658149179892383,-0.7946202882004554,0.9944903161976938,-0.5203186941277961,2
-0.24581373973456558,-0.4827507087934668,0.3593499373550325,-0.22712612768571286,-0.5439107910649774,-0.5886991973687059,-0.7946202882004554,1.0110651548009888,-0.17702426474822627,5
-0.014724130598089635,-0.4827507087934668,-0.32449977794061174,-0.6218817259086983,-0.5439107910649774,-0.6272570576789721,-0.7946202882004554,1.0276399934042837,-0.4102053865909529,3
-0.3613585443028035,-0.4827507087934668,-0.6664246355884339,-0.22712612768571286,-0.5439107910649774,-0.6272570576789721,-0.7946202882004554,1.0442148320075786,-0.44906890689807405,2
-0.3613585443028035,-0.4827507087934668,0.01742507970721038,-0.22712612768571286,-0.5439107910649774,-0.6272570576789721,-0.7946202882004554,1.0607896706108735,-0.2806603189005492,4
0.06230573911406901,-0.4827507087934668,-0.32449977794061174,-0.22712612768571286,-0.5439107910649774,-0.6272570576789721,-0.7946202882004554,1.0773645092141684,-0.3713418662838318,4
2.2961719607666695,-0.6750259803415625,-0.32449977794061174,-0.6218817259086983,-0.5439107910649774,-0.5501413370584396,-0.6607962428870829,1.0939393478174633,-0.42315989335999327,1
2.2961719607666695,-0.6750259803415625,-0.32449977794061174,-0.6218817259086983,-0.5439107910649774,-0.5501413370584396,-0.6607962428870829,1.1105141864207582,-0.42315989335999327,1
2.2961719607666695,-0.6750259803415625,-0.32449977794061174,-0.6218817259086983,-0.5439107910649774,-0.5501413370584396,-0.6607962428870829,1.127089025024053,-0.42315989335999327,1
2.2961719607666695,-0.6750259803415625,-0.32449977794061174,-0.6218817259086983,-0.5439107910649774,-0.5501413370584396,-0.6607962428870829,1.143663863627348,-0.42315989335999327,1
2.2961719607666695,-0.6750259803415625,-0.32449977794061174,-0.6218817259086983,-0.5439107910649774,-0.5501413370584396,-0.6607962428870829,1.1602387022306428,-0.42315989335999327,1
-0.30358614201868456,-0.6088667471207123,-0.9228682788243004,-0.6218817259086983,0.4855089855560599,0.06678442790581995,-0.5269721975737106,-1.5083103128998356,-0.5203186941277961,3
-0.49616081629908115,-0.2243162040245211,-0.32449977794061174,0.9571406669832434,-0.5439107910649774,0.760825913490612,-0.3931481522603381,0.5469696739087316,-0.1575925045946657,5
-0.49616081629908115,-0.2243162040245211,0.3593499373550325,0.9571406669832434,-0.5439107910649774,0.760825913490612,-0.3931481522603381,0.5635445125120265,0.08854312401710131,5
-0.49616081629908115,-0.2243162040245211,0.3593499373550325,2.536163059875185,-0.5439107910649774,0.760825913490612,-0.3931481522603381,0.5801193511153214,0.37354227293598946,6
-0.43838841401496215,-0.6750259803415625,-0.9228682788243004,-0.6218817259086983,-0.24979085488753813,-0.3187941751968423,0.008323983679779145,-1.4751606356932458,-0.5267959475123163,1
-0.3806160117308432,-0.6750259803415625,-0.8373870644123449,-0.6218817259086983,-0.24979085488753813,-0.3187941751968423,0.008323983679779145,-1.458585797089951,-0.5138414407432759,2
-0.3806160117308432,-0.4827507087934668,-0.6664246355884339,-0.6218817259086983,-0.24979085488753813,0.22101586914688484,0.008323983679779145,-1.442010958486656,-0.4620234136671144,2
-0.3806160117308432,-0.2243162040245211,-0.6664246355884339,-0.42450392679720556,-0.24979085488753813,0.028226567595553725,0.008323983679779145,-1.4254361198833612,-0.4296371467445135,2
-0.49616081629908115,-0.2243162040245211,-0.32449977794061174,-0.42450392679720556,-0.24979085488753813,0.22101586914688484,0.008323983679779145,-1.4088612812800663,-0.3389555993612309,4
-0.49616081629908115,0.03411830074442461,-0.32449977794061174,-0.42450392679720556,-0.24979085488753813,1.1464045165932741,0.008323983679779145,-1.3922864426767714,-0.2936148256695896,4
-0.11101146773828793,-0.6750259803415625,-0.8373870644123449,-0.6218817259086983,-0.24979085488753813,0.22101586914688484,0.008323983679779145,-1.3757116040734765,-0.5138414407432759,1
0.37042521796270356,-0.5427075138998623,-0.7519058500003893,-0.6218817259086983,0.1913890493786207,0.22101586914688484,-0.2593241069469657,-1.7237832147426693,-0.4944096805897153,3
0.37042521796270356,-0.5427075138998623,-0.7519058500003893,-0.4738483765750788,0.1913890493786207,0.22101586914688484,-0.2593241069469657,-1.4917354742965407,-0.48145517382067493,3
0.37042521796270356,-0.5427075138998623,0.01742507970721038,-0.4738483765750788,0.1913890493786207,0.22101586914688484,-0.2593241069469657,-0.5303948353054367,-0.30656933243862994,3
0.37042521796270356,-0.5427075138998623,-0.6236840283824561,-0.6218817259086983,-0.5439107910649774,0.22101586914688484,-0.2593241069469657,-0.4309458036856673,-0.46850066705163457,3
0.37042521796270356,-0.6419463637311373,0.01742507970721038,-0.4738483765750788,-0.5439107910649774,0.22101586914688484,-0.2593241069469657,-0.16574838603294897,-0.3195238392076703,4
0.37042521796270356,-0.691565788646775,-0.9426999205678741,-0.4738483765750788,0.1913890493786207,0.22101586914688484,-0.2593241069469657,-0.14917354742965408,-0.5267959475123163,3
-0.09175400031024827,-0.5427075138998623,0.01742507970721038,-0.4738483765750788,-0.5439107910649774,0.49092089131874844,-0.2593241069469657,-0.04972451580988469,-0.3000920790541098,5
0.48597002253094157,-0.4827507087934668,-0.7519058500003893,-0.6218817259086983,-0.39685082297625773,-0.5501413370584396,-0.12550006163359329,0.7624425757515653,-0.4944096805897153,1
0.37042521796270356,-0.4827507087934668,-0.6664246355884339,-0.42450392679720556,-0.24979085488753813,1.7633302815575338,-0.12550006163359329,0.7790174143548602,-0.44906890689807405,3
0.37042521796270356,-0.4827507087934668,0.3593499373550325,-0.42450392679720556,-0.39685082297625773,3.6141075764503126,-0.12550006163359329,0.795592252958155,-0.1705470113637061,3
0.48597002253094157,-0.4827507087934668,-0.8373870644123449,-0.6218817259086983,-0.5439107910649774,-0.6272570576789721,-0.12550006163359329,0.81216709156145,-0.5138414407432759,1
0.48597002253094157,-0.4827507087934668,-0.6664246355884339,-0.6218817259086983,-0.24979085488753813,-0.4730256164379072,-0.12550006163359329,0.8287419301647448,-0.48145517382067493,1
-0.24581373973456558,-0.2243162040245211,-0.6664246355884339,-0.6218817259086983,-0.24979085488753813,-0.4730256164379072,-0.12550006163359329,0.8453167687680397,-0.4620234136671144,2
-0.24581373973456558,-0.2243162040245211,-0.6664246355884339,-0.6218817259086983,-0.10273088679881853,-0.39590989581737474,-0.12550006163359329,0.8618916073713346,-0.4555461602825942,3
-0.24581373973456558,-0.2243162040245211,-0.6664246355884339,-0.42450392679720556,-0.5439107910649774,0.06678442790581995,-0.12550006163359329,0.8950412845779244,-0.43611440012903363,3
-0.24581373973456558,-0.2243162040245211,1.727049367946321,0.16762947053727253,-0.5439107910649774,0.06678442790581995,-0.12550006163359329,0.9116161231812193,0.4901328338573528,5
-0.24581373973456558,-0.2243162040245211,-0.32449977794061174,0.16762947053727253,-0.5439107910649774,1.3777516784548716,-0.12550006163359329,0.9281909617845142,-0.27418306551602906,4
-0.24581373973456558,-0.2243162040245211,1.727049367946321,0.16762947053727253,-0.5439107910649774,1.3777516784548716,-0.12550006163359329,0.9447658003878091,0.5289963541644739,5
-0.24581373973456558,-0.2243162040245211,1.727049367946321,0.16762947053727253,-0.5439107910649774,1.3777516784548716,-0.12550006163359329,0.961340638991104,0.5289963541644739,6
-0.24581373973456558,-0.2243162040245211,-0.6664246355884339,-0.42450392679720556,-0.5439107910649774,0.06678442790581995,-0.12550006163359329,0.8784664459746295,-0.43611440012903363,1
-0.5654876990400239,0.2925528055133703,0.3593499373550325,-0.5972095010197617,0.1913890493786207,-0.24167845457630985,0.14214802899315157,-1.3591367654701816,-0.11225173090302441,5
-0.5654876990400239,0.2925528055133703,1.0431996526506768,0.9571406669832434,1.0737488579109384,-0.08744701333524495,0.14214802899315157,-1.3425619268668867,0.464223820319272,6
-0.6848839970938698,3.3937668627407187,1.727049367946321,0.9571406669832434,1.6619887302658167,0.22101586914688484,0.14214802899315157,-1.3259870882635918,1.6949019633781073,6
-0.6848839970938698,3.3937668627407187,1.727049367946321,0.9571406669832434,0.4855089855560599,0.22101586914688484,0.14214802899315157,-1.309412249660297,1.6236521761483853,6
-0.6848839970938698,1.3262908245891532,1.727049367946321,-0.6218817259086983,0.4855089855560599,0.22101586914688484,0.14214802899315157,-1.292837411057002,0.7816092361607611,6
-0.6848839970938698,1.3262908245891532,0.3593499373550325,-0.6218817259086983,0.4855089855560599,-0.08744701333524495,0.14214802899315157,-1.2762625724537071,0.08854312401710131,6
1.0636940453721313,-0.7163755011045937,-0.9645831114573348,-0.6218817259086983,-0.5439107910649774,-0.6658149179892383,0.14214802899315157,-1.1768135408339377,-0.5462277076658768,1
-0.003169650141265839,-0.4827507087934668,-0.8373870644123449,-0.6218817259086983,-0.5439107910649774,-0.5115834767481734,0.14214802899315157,-1.1602387022306428,-0.5073641873587557,2
-0.3421010768747639,-0.6088667471207123,-0.4954622067645228,-0.22712612768571286,-0.5439107910649774,-0.4730256164379072,0.14214802899315157,-1.143663863627348,-0.4166826399754731,3
3.451620006449049,-0.6088667471207123,-0.8801276716183227,-0.6218817259086983,-0.5439107910649774,-0.6658149179892383,0.14214802899315157,-1.127089025024053,-0.5267959475123163,1
3.451620006449049,-0.5427075138998623,-0.8373870644123449,-0.6218817259086983,-0.5439107910649774,-0.6658149179892383,0.14214802899315157,-1.1105141864207582,-0.5138414407432759,1
1.5258732636450831,-0.5427075138998623,-0.8373870644123449,-0.6218817259086983,-0.5439107910649774,-0.6658149179892383,0.14214802899315157,-1.0939393478174633,-0.5138414407432759,1
0.7555745665234967,-0.2243162040245211,-0.6664246355884339,-0.6218817259086983,-0.5439107910649774,-0.6658149179892383,0.14214802899315157,-1.0773645092141684,-0.4620234136671144,2
0.7555745665234967,0.2925528055133703,-0.32449977794061174,-0.6218817259086983,-0.5439107910649774,-0.6658149179892383,0.14214802899315157,-1.0607896706108735,-0.35191010613027124,2
2.681321309327463,-0.4827507087934668,-0.9228682788243004,-0.6218817259086983,-0.5439107910649774,-0.6272570576789721,0.14214802899315157,-1.0442148320075786,-0.5267959475123163,1
2.681321309327463,-0.6088667471207123,-0.9228682788243004,-0.6218817259086983,-0.5439107910649774,-0.6272570576789721,0.14214802899315157,-1.0276399934042837,-0.5332732008968364,1
2.681321309327463,-0.4827507087934668,-0.6664246355884339,-0.523192826352952,-0.5439107910649774,-0.6272570576789721,0.14214802899315157,-1.0110651548009888,-0.4749779204361548,1
2.681321309327463,-0.4827507087934668,-0.6664246355884339,-0.42450392679720556,-0.5439107910649774,-0.6272570576789721,0.14214802899315157,-0.9944903161976938,-0.4620234136671144,1
2.681321309327463,-0.2243162040245211,-0.6664246355884339,-0.6218817259086983,-0.24979085488753813,-0.4730256164379072,0.14214802899315157,-0.9779154775943989,-0.4620234136671144,3
0.08156320654210866,-0.2243162040245211,-0.6664246355884339,-0.42450392679720556,-0.24979085488753813,-0.4730256164379072,0.14214802899315157,-0.961340638991104,-0.44259165351355384,3
0.08156320654210866,-0.2243162040245211,-0.6664246355884339,-0.42450392679720556,-0.24979085488753813,-0.4730256164379072,0.14214802899315157,-0.9447658003878091,-0.44259165351355384,3
-0.09175400031024827,-0.2243162040245211,-0.32449977794061174,-0.42450392679720556,-0.5439107910649774,-0.4730256164379072,0.14214802899315157,-0.9281909617845142,-0.3713418662838318,3
-0.07249653288220861,-0.2243162040245211,0.3593499373550325,-0.22712612768571286,-0.5439107910649774,-0.4730256164379072,0.14214802899315157,-0.9116161231812193,-0.15111525121014552,5
-0.09175400031024827,-0.2243162040245211,0.3593499373550325,-0.22712612768571286,-0.5439107910649774,-0.4730256164379072,0.14214802899315157,-0.8950412845779244,-0.15111525121014552,4
0.08156320654210866,-0.4827507087934668,-0.6664246355884339,-0.5725372761308251,-0.24979085488753813,-0.4730256164379072,0.14214802899315157,-0.8784664459746295,-0.4749779204361548,2
-0.6887354905794778,-0.2243162040245211,0.01742507970721038,-0.42450392679720556,-0.5439107910649774,-0.5501413370584396,0.14214802899315157,-0.8618916073713346,-0.2612285587469887,3
-0.6887354905794778,-0.2243162040245211,0.01742507970721038,-0.22712612768571286,-0.24979085488753813,-0.5115834767481734,0.14214802899315157,-0.8453167687680397,-0.22236503843986755,4
-0.7195474384643412,0.2925528055133703,0.3593499373550325,-0.42450392679720556,0.1913890493786207,-0.24167845457630985,0.14214802899315157,-0.8287419301647448,0.010816083402859096,5
-0.7195474384643412,0.2925528055133703,0.3593499373550325,0.16762947053727253,0.1913890493786207,-0.24167845457630985,0.14214802899315157,-0.81216709156145,0.10797488417066187,5
4.992217400692223,-0.5427075138998623,-0.9228682788243004,-0.6218817259086983,-0.690970759153697,-0.7043727782995045,0.14214802899315157,-0.016574838603294898,-0.5267959475123163,1
4.992217400692223,-0.5427075138998623,-0.8373870644123449,-0.6218817259086983,-0.690970759153697,-0.7043727782995045,0.14214802899315157,0.0,-0.5138414407432759,1
2.2961719607666695,-0.5427075138998623,-0.8373870644123449,-0.6218817259086983,-0.690970759153697,-0.7043727782995045,0.14214802899315157,0.016574838603294898,-0.5138414407432759,1
-0.5924481534392795,-0.2243162040245211,-0.6664246355884339,-0.6218817259086983,-0.24979085488753813,-0.4730256164379072,0.275972074306524,-0.795592252958155,-0.44906890689807405,2
-0.5924481534392795,-0.2243162040245211,-0.32449977794061174,-0.42450392679720556,-0.24979085488753813,-0.4730256164379072,0.275972074306524,-0.7790174143548602,-0.35838735951479145,3
-0.5924481534392795,-0.2243162040245211,-0.32449977794061174,-0.42450392679720556,-0.5439107910649774,-0.4730256164379072,0.275972074306524,-0.7624425757515653,-0.35838735951479145,4
-0.5924481534392795,-0.2243162040245211,0.3593499373550325,-0.029748328574220162,-0.5439107910649774,-0.4730256164379072,0.275972074306524,-0.7458677371482704,-0.11225173090302441,4
-0.5924481534392795,-0.2243162040245211,0.3593499373550325,-0.029748328574220162,-0.5439107910649774,-0.4730256164379072,0.275972074306524,-0.7292928985449755,-0.11225173090302441,5
-0.5924481534392795,1.3262908245891532,0.3593499373550325,0.562385068760258,-0.5439107910649774,-0.3187941751968423,0.275972074306524,-0.7127180599416806,0.18570192478490408,5
-0.3998734791588828,-0.4827507087934668,-0.32449977794061174,-0.6218817259086983,-0.39685082297625773,-0.4730256164379072,0.4097961196198964,1.1768135408339377,-0.40372813320643275,1
-0.3998734791588828,-0.4827507087934668,-0.32449977794061174,-0.029748328574220162,-0.39685082297625773,-0.4730256164379072,0.4097961196198964,1.1933883794372326,-0.3454328527457511,2
-0.3998734791588828,-0.4827507087934668,-0.32449977794061174,-0.029748328574220162,-0.24979085488753813,-0.4730256164379072,0.4097961196198964,1.2099632180405275,-0.3454328527457511,2
-0.5924481534392795,-0.2243162040245211,0.3593499373550325,-0.3258150272414592,-0.24979085488753813,-0.08744701333524495,0.4097961196198964,1.2265380566438224,-0.1252062376720648,3
-0.5924481534392795,-0.2243162040245211,0.3593499373550325,-0.029748328574220162,0.1913890493786207,-0.08744701333524495,0.4097961196198964,1.2431128952471173,-0.07338821059590331,4
-0.5924481534392795,-0.2243162040245211,0.3593499373550325,-0.029748328574220162,0.1913890493786207,-0.08744701333524495,0.4097961196198964,1.2596877338504122,-0.07338821059590331,4
-0.20729880487848623,-0.6088667471207123,-0.6664246355884339,-0.6218817259086983,0.4855089855560599,4.231033341414572,0.5436201649332688,1.3425619268668867,-0.4296371467445135,2
-0.3421010768747639,-0.2243162040245211,-0.32449977794061174,-0.22712612768571286,-0.5439107910649774,-0.5886991973687059,0.6774442102466413,0.09944903161976938,-0.3454328527457511,3
-0.3421010768747639,-0.2243162040245211,-0.6664246355884339,-0.5725372761308251,-0.5439107910649774,-0.5115834767481734,0.6774442102466413,0.11602387022306428,-0.4555461602825942,3
-0.4306854270437463,-0.2243162040245211,-0.32449977794061174,0.16762947053727253,-0.5439107910649774,-0.4730256164379072,0.6774442102466413,0.13259870882635919,-0.3000920790541098,4
-0.4306854270437463,-0.2243162040245211,-0.32449977794061174,0.16762947053727253,-0.5439107910649774,-0.4730256164379072,0.6774442102466413,0.14917354742965408,-0.3000920790541098,4
-0.4306854270437463,-0.2243162040245211,-0.32449977794061174,-0.523192826352952,-0.5439107910649774,-0.4730256164379072,0.6774442102466413,0.16574838603294897,-0.37781911966835197,3
-0.49616081629908115,0.2925528055133703,0.3593499373550325,-0.22712612768571286,-0.5439107910649774,-0.4730256164379072,0.6774442102466413,0.18232322463624387,-0.08634271736494367,4
-0.5539332185832001,0.2925528055133703,0.3593499373550325,0.16762947053727253,-0.5439107910649774,-0.4730256164379072,0.6774442102466413,0.19889806323953876,-0.028047436904262014,5
-0.5539332185832001,-0.2243162040245211,0.3593499373550325,0.9571406669832434,0.04432908128990108,-0.39590989581737474,0.6774442102466413,0.21547290184283366,0.0496796037099802,5
-0.5539332185832001,0.2925528055133703,0.3593499373550325,0.9571406669832434,0.04432908128990108,-0.39590989581737474,0.6774442102466413,0.23204774044612855,0.11445213755518205,5
-0.5924481534392795,0.2925528055133703,0.3593499373550325,0.9571406669832434,0.04432908128990108,-0.3187941751968423,0.6774442102466413,0.24862257904942345,0.1274066443242224,5
-0.507715296755905,0.2925528055133703,0.3593499373550325,0.9571406669832434,0.4855089855560599,-0.08744701333524495,0.6774442102466413,0.26519741765271837,0.1338838977087426,5
-0.507715296755905,-0.2243162040245211,-0.32449977794061174,-0.22712612768571286,0.1913890493786207,-0.39590989581737474,0.6774442102466413,0.28177225625601326,-0.3324783459767107,5
-0.6309630882953587,1.3262908245891532,0.3593499373550325,0.16762947053727253,0.4855089855560599,-0.08744701333524495,0.6774442102466413,0.29834709485930816,0.1727474180158637,6
-0.6309630882953587,1.3262908245891532,1.727049367946321,0.9571406669832434,0.4855089855560599,0.22101586914688484,0.6774442102466413,0.31492193346260305,1.0795628918486897,6
-0.6502205557233984,1.3262908245891532,1.727049367946321,0.9571406669832434,0.4855089855560599,0.22101586914688484,0.6774442102466413,0.33149677206589795,1.1054719053867703,6
-0.6386660752665746,3.3937668627407187,1.727049367946321,2.536163059875185,1.6619887302658167,0.5294787516290147,0.6774442102466413,0.34807161066919284,2.1159234333719192,6
-0.6001511404104953,0.2925528055133703,1.0431996526506768,0.16762947053727253,0.4855089855560599,0.22101586914688484,0.6774442102466413,0.36464644927248774,0.3346787526288683,6
-0.6386660752665746,1.3262908245891532,1.727049367946321,0.9571406669832434,0.4855089855560599,0.22101586914688484,0.6774442102466413,0.38122128787578263,1.0860401452332098,6
-0.6694780231514381,3.3937668627407187,1.727049367946321,5.694207845659069,1.6619887302658167,0.22101586914688484,0.6774442102466413,0.3977961264790775,3.262397282431992,6
-0.35365555733158766,-0.4827507087934668,-0.9228682788243004,-0.6218817259086983,-0.5439107910649774,-0.5501413370584396,0.8112682555600137,1.442010958486656,-0.5203186941277961,1
-0.46149737492860976,-0.4827507087934668,-0.8373870644123449,-0.6218817259086983,-0.5439107910649774,-0.4730256164379072,0.8112682555600137,1.458585797089951,-0.5073641873587557,1
-0.5693391925256319,-0.4827507087934668,-0.6664246355884339,-0.6218817259086983,-0.5439107910649774,-0.4730256164379072,0.8112682555600137,1.4751606356932458,-0.4749779204361548,1
-0.5693391925256319,-0.2243162040245211,-0.4954622067645228,-0.6218817259086983,-0.5439107910649774,-0.39590989581737474,0.8112682555600137,1.4917354742965407,-0.4166826399754731,1
-0.5693391925256319,-0.2243162040245211,-0.32449977794061174,-0.6218817259086983,-0.5439107910649774,-0.39590989581737474,0.8112682555600137,1.5083103128998356,-0.37781911966835197,2
-0.5693391925256319,0.2925528055133703,-0.32449977794061174,-0.6218817259086983,-0.5439107910649774,-0.39590989581737474,0.8112682555600137,1.5248851515031305,-0.3389555993612309,3
-0.5693391925256319,0.2925528055133703,0.01742507970721038,-0.6218817259086983,-0.5439107910649774,-0.39590989581737474,0.8112682555600137,1.5414599901064254,-0.24179679859342812,3
-0.5693391925256319,0.2925528055133703,0.3593499373550325,-0.6218817259086983,-0.5439107910649774,-0.39590989581737474,0.8112682555600137,1.5580348287097203,-0.13816074444110515,3
-0.6386660752665746,0.2925528055133703,-0.32449977794061174,0.16762947053727253,1.6619887302658167,0.5294787516290147,0.8112682555600137,1.5746096673130152,-0.1252062376720648,4
-0.6386660752665746,0.2925528055133703,-0.32449977794061174,0.16762947053727253,1.6619887302658167,0.5294787516290147,0.8112682555600137,1.59118450591631,-0.1252062376720648,5
-0.6386660752665746,1.3262908245891532,0.3593499373550325,0.9571406669832434,-0.10273088679881853,-0.39590989581737474,0.8112682555600137,1.607759344519605,0.27638347216818665,5
-0.6386660752665746,1.3262908245891532,1.0431996526506768,3.3256742563211557,-0.10273088679881853,-0.39590989581737474,0.8112682555600137,1.6243341831229,1.1767216926164925,5
-0.6386660752665746,0.2925528055133703,0.3593499373550325,2.536163059875185,1.6619887302658167,0.5294787516290147,0.8112682555600137,1.6409090217261948,0.5872916346251555,6
-0.014724130598089635,-0.4827507087934668,-0.8373870644123449,-0.6218817259086983,-0.5439107910649774,-0.6272570576789721,0.9450923008733861,0.033149677206589796,-0.5073641873587557,2
-0.014724130598089635,-0.4827507087934668,-0.6664246355884339,-0.6218817259086983,-0.5439107910649774,-0.5501413370584396,0.9450923008733861,0.04972451580988469,-0.48145517382067493,2
-0.014724130598089635,-0.2243162040245211,-0.32449977794061174,0.9571406669832434,-0.5439107910649774,-0.5115834767481734,0.9450923008733861,0.06629935441317959,-0.20941053167082718,3
0.17785054368230696,-0.6088667471207123,-0.6664246355884339,-0.6218817259086983,-0.5439107910649774,-0.434467756127641,1.0789163461867586,-1.2265380566438224,-0.48793242720519514,2
0.17785054368230696,-0.6088667471207123,-0.6664246355884339,-0.6218817259086983,-0.10273088679881853,-0.434467756127641,1.0789163461867586,-1.2099632180405275,-0.48793242720519514,3
0.17785054368230696,-0.4827507087934668,0.3593499373550325,-0.5972095010197617,-0.5439107910649774,-0.39590989581737474,1.0789163461867586,-1.1933883794372326,-0.22884229182438773,3
-0.1687838700224069,-0.6088667471207123,-0.6664246355884339,-0.5725372761308251,-0.5439107910649774,-0.5115834767481734,1.212740391500131,-0.6132690283219112,-0.48145517382067493,2
-0.1687838700224069,-0.6088667471207123,-0.8373870644123449,-0.5725372761308251,-0.24979085488753813,-0.39590989581737474,1.212740391500131,-0.5966941897186163,-0.5138414407432759,2
-0.1687838700224069,-0.4827507087934668,-0.6664246355884339,-0.42450392679720556,-0.5439107910649774,-0.1645627339557774,1.212740391500131,-0.5801193511153214,-0.4555461602825942,3
-0.1687838700224069,-0.4827507087934668,-0.32449977794061174,-0.22712612768571286,-0.5439107910649774,-0.1645627339557774,1.212740391500131,-0.5635445125120265,-0.3648646128993116,4
-0.1687838700224069,-0.2243162040245211,-0.32449977794061174,0.16762947053727253,-0.5439107910649774,-0.20312059426604362,1.212740391500131,-0.5469696739087316,-0.3000920790541098,5
0.13933560882622764,-0.6088667471207123,-0.9228682788243004,-0.42450392679720556,-0.5439107910649774,-0.5886991973687059,1.3465644368135035,-0.3977961264790775,-0.5203186941277961,1
0.13933560882622764,-0.6088667471207123,-0.8373870644123449,-0.42450392679720556,-0.5439107910649774,-0.5115834767481734,1.3465644368135035,-0.38122128787578263,-0.5008869339742354,1
-0.3806160117308432,-0.2243162040245211,-0.6664246355884339,-0.42450392679720556,-0.24979085488753813,-0.39590989581737474,1.3465644368135035,-0.36464644927248774,-0.44259165351355384,1
-0.3806160117308432,-0.2243162040245211,-0.4954622067645228,-0.22712612768571286,0.1913890493786207,-0.08744701333524495,1.3465644368135035,-0.34807161066919284,-0.37781911966835197,2
-0.3806160117308432,-0.2243162040245211,-0.32449977794061174,-0.22712612768571286,-0.10273088679881853,-0.1645627339557774,1.3465644368135035,-0.33149677206589795,-0.3389555993612309,4
-0.5847451664680636,0.2925528055133703,0.3593499373550325,0.16762947053727253,-0.10273088679881853,-0.24167845457630985,1.3465644368135035,-0.31492193346260305,-0.0021384233661812736,5
-0.5154182837271208,0.2925528055133703,0.01742507970721038,-0.42450392679720556,0.1913890493786207,-0.39590989581737474,1.3465644368135035,-0.29834709485930816,-0.20941053167082718,5
-0.5577847120688081,0.2925528055133703,0.01742507970721038,0.16762947053727253,0.1913890493786207,-0.24167845457630985,1.3465644368135035,-0.28177225625601326,-0.1187289842875446,5
-0.5577847120688081,1.3262908245891532,0.3593499373550325,0.9571406669832434,1.0737488579109384,0.22101586914688484,1.3465644368135035,-0.26519741765271837,0.32172424585982795,6
-0.6848839970938698,1.3262908245891532,1.0431996526506768,0.16762947053727253,0.4855089855560599,-0.08744701333524495,1.3465644368135035,-0.24862257904942345,0.5419508609335143,6
-0.6848839970938698,1.3262908245891532,1.727049367946321,0.9571406669832434,1.0737488579109384,-0.08744701333524495,1.3465644368135035,-0.23204774044612855,1.1378581723093713,6
-0.6848839970938698,1.3262908245891532,1.727049367946321,2.536163059875185,2.838468474975574,0.5294787516290147,1.3465644368135035,-0.21547290184283366,1.8309242844530311,6
-0.33824958338915595,-0.2243162040245211,-0.32449977794061174,0.16762947053727253,0.04432908128990108,0.37524731038794973,1.4803884821268758,-1.7072083761393744,-0.2806603189005492,4
-0.5924481534392795,-0.2243162040245211,1.727049367946321,-0.029748328574220162,0.1913890493786207,0.29813158976741727,1.4803884821268758,-1.6906335375360795,0.5354736075489941,5
-0.5924481534392795,-0.2243162040245211,1.727049367946321,0.562385068760258,3.132588411153013,1.3006359578343392,1.4803884821268758,-1.6740586989327846,0.8269500098524024,6
-0.5924481534392795,-0.2243162040245211,1.727049367946321,2.1414074616521996,6.956147581459724,3.3056446939681825,1.4803884821268758,-1.6574838603294897,1.5653568956877035,6
-0.5924481534392795,0.2925528055133703,1.727049367946321,2.1414074616521996,6.956147581459724,3.3056446939681825,1.4803884821268758,-1.6409090217261948,1.688424709993587,6
-0.6694780231514381,1.3262908245891532,4.462448229128898,1.746651863429214,1.0737488579109384,6.081810636307351,1.4803884821268758,-1.6243341831229,5.30920935194037,6
-0.6694780231514381,1.3262908245891532,4.462448229128898,2.536163059875185,1.0737488579109384,6.081810636307351,1.4803884821268758,-1.607759344519605,5.691367301627062,6
-0.09175400031024827,-0.6734753733129487,-0.6664246355884339,-0.6218817259086983,-0.5439107910649774,-0.5886991973687059,1.4803884821268758,-0.13259870882635919,-0.48793242720519514,1
-0.09175400031024827,-0.6088667471207123,-0.6664246355884339,-0.6218817259086983,-0.5439107910649774,-0.5886991973687059,1.4803884821268758,-0.11602387022306428,-0.48793242720519514,1
-0.09175400031024827,-0.6734753733129487,-0.6664246355884339,-0.6218817259086983,-0.5439107910649774,-0.5886991973687059,1.4803884821268758,-0.09944903161976938,-0.48793242720519514,1
-0.09175400031024827,-0.6088667471207123,-0.6664246355884339,-0.6218817259086983,-0.5439107910649774,-0.5886991973687059,1.4803884821268758,-0.08287419301647449,-0.48793242720519514,1
-0.3074376355042925,-0.4827507087934668,-0.32449977794061174,-0.6218817259086983,-0.5439107910649774,-0.39590989581737474,1.4803884821268758,-0.06629935441317959,-0.40372813320643275,3
-0.40757646613009874,-0.4827507087934668,-0.32449977794061174,0.16762947053727253,-0.39685082297625773,-0.39590989581737474,1.4803884821268758,0.08287419301647449,-0.3195238392076703,3
-0.30358614201868456,-0.2243162040245211,-0.32449977794061174,-0.6218817259086983,-0.39685082297625773,-0.1645627339557774,1.6142125274402483,-1.2596877338504122,-0.37781911966835197,4
1.0636940453721313,-0.6088667471207123,-0.32449977794061174,0.16762947053727253,-0.690970759153697,-0.7043727782995045,1.7480365727536207,1.7072083761393744,-0.3389555993612309,4
1.0636940453721313,-0.4827507087934668,-0.6664246355884339,-0.6218817259086983,-0.690970759153697,-0.7043727782995045,1.7480365727536207,1.7237832147426693,-0.48145517382067493,3
