MYCT,MMIN,MMAX,CACH,CHMIN,CHMAX,VendorName_code,ModelName_code,ERP,y_rank,orig_index
-0.6964384775506937,3.3937668627407187,1.727049367946321,0.9571406669832434,1.6619887302658167,0.5294787516290147,-1.9990366960208072,-0.4972451580988469,1.824447031068511,6,6
0.44745508767486225,-0.6750259803415625,-0.7519058500003893,-0.523192826352952,-0.5439107910649774,-0.5886991973687059,-1.3299164694539451,1.3922864426767714,-0.5008869339742354,2,27
-0.014724130598089635,-0.4827507087934668,-0.8373870644123449,-0.6218817259086983,-0.5439107910649774,-0.6272570576789721,0.9450923008733861,0.033149677206589796,-0.5073641873587557,2,170
-0.09175400031024827,-0.6734753733129487,-0.6664246355884339,-0.6218817259086983,-0.5439107910649774,-0.5886991973687059,1.4803884821268758,-0.13259870882635919,-0.48793242720519514,1,200
-0.5539332185832001,0.2925528055133703,0.3593499373550325,0.16762947053727253,-0.5439107910649774,-0.4730256164379072,0.6774442102466413,0.19889806323953876,-0.028047436904262014,5,144
-0.673329516637046,1.3262908245891532,0.3593499373550325,0.16762947053727253,0.4855089855560599,-0.08744701333524495,-1.9990366960208072,-0.646418705528501,0.21161093832298483,5,4
-0.5924481534392795,-0.06408681106777477,-0.11250636619896202,0.11828502075939937,1.0737488579109384,0.22101586914688484,-1.0622683788272003,0.6298438669252061,-0.16406975797918588,2,32
0.08156320654210866,-0.2243162040245211,-0.6664246355884339,-0.42450392679720556,-0.24979085488753813,-0.4730256164379072,0.14214802899315157,-0.9447658003878091,-0.44259165351355384,3,113
-0.6502205557233984,1.3262908245891532,1.727049367946321,0.9571406669832434,0.4855089855560599,0.22101586914688484,0.6774442102466413,0.33149677206589795,1.1054719053867703,6,152
-0.7195474384643412,0.2925528055133703,0.3593499373550325,-0.42450392679720556,0.1913890493786207,-0.24167845457630985,0.14214802899315157,-0.8287419301647448,0.010816083402859096,5,120
-0.33824958338915595,-0.2243162040245211,-0.32449977794061174,0.16762947053727253,0.04432908128990108,0.37524731038794973,1.4803884821268758,-1.7072083761393744,-0.2806603189005492,4,193
-0.09175400031024827,-0.2243162040245211,-0.32449977794061174,-0.42450392679720556,-0.5439107910649774,-0.4730256164379072,0.14214802899315157,-0.9281909617845142,-0.3713418662838318,3,114
0.7555745665234967,-0.4827507087934668,-0.7519058500003893,-0.6218817259086983,-0.5439107910649774,-0.6272570576789721,-1.865212650707435,0.7292928985449755,-0.4944096805897153,3,10
-0.30358614201868456,-0.6088667471207123,-0.9228682788243004,-0.6218817259086983,0.4855089855560599,0.06678442790581995,-0.5269721975737106,-1.5083103128998356,-0.5203186941277961,3,62
-0.507715296755905,0.2925528055133703,0.3593499373550325,0.9571406669832434,0.4855089855560599,-0.08744701333524495,0.6774442102466413,0.26519741765271837,0.1338838977087426,5,148
-0.6386660752665746,3.3937668627407187,1.727049367946321,2.536163059875185,1.6619887302658167,0.5294787516290147,0.6774442102466413,0.34807161066919284,2.1159234333719192,6,153
0.17785054368230696,-0.6088667471207123,-0.6664246355884339,-0.6218817259086983,-0.5439107910649774,-0.434467756127641,1.0789163461867586,-1.2265380566438224,-0.48793242720519514,2,173
-0.30358614201868456,-0.6750259803415625,-0.4954622067645228,5.694207845659069,1.6619887302658167,4.231033341414572,-2.13286074133418,-1.2431128952471173,0.6455869150858372,6,0
-0.09175400031024827,-0.6734753733129487,-0.6664246355884339,-0.6218817259086983,-0.5439107910649774,-0.5886991973687059,1.4803884821268758,-0.09944903161976938,-0.48793242720519514,1,202
-0.3806160117308432,-0.2243162040245211,-0.6664246355884339,-0.42450392679720556,-0.24979085488753813,-0.39590989581737474,1.3465644368135035,-0.36464644927248774,-0.44259165351355384,1,183
-0.49616081629908115,-0.2243162040245211,-0.32449977794061174,-0.42450392679720556,-0.24979085488753813,0.22101586914688484,0.008323983679779145,-1.4088612812800663,-0.3389555993612309,4,70
-0.5693391925256319,0.2925528055133703,0.01742507970721038,-0.6218817259086983,-0.5439107910649774,-0.39590989581737474,0.8112682555600137,1.5414599901064254,-0.24179679859342812,3,163
-0.49616081629908115,-0.2243162040245211,0.3593499373550325,0.9571406669832434,-0.5439107910649774,0.760825913490612,-0.3931481522603381,0.5635445125120265,0.08854312401710131,5,64
-0.2727741941338211,-0.4827507087934668,0.01742507970721038,-0.399831701908269,-0.24979085488753813,-0.24167845457630985,-0.9284443335138278,0.6961432213383857,-0.2936148256695896,4,44
-0.20729880487848623,-0.6088667471207123,-0.6664246355884339,-0.6218817259086983,0.4855089855560599,4.231033341414572,0.5436201649332688,1.3425619268668867,-0.4296371467445135,2,137
-0.5924481534392795,-0.4827507087934668,-0.32449977794061174,-0.42450392679720556,-0.24979085488753813,-0.5115834767481734,-1.1960924241405726,-1.5746096673130152,-0.37781911966835197,3,40
4.992217400692223,-0.5427075138998623,-0.8373870644123449,-0.6218817259086983,-0.690970759153697,-0.7043727782995045,0.14214802899315157,0.0,-0.5138414407432759,1,123
-0.3613585443028035,0.059961751221319186,-0.4783659638821317,-0.6218817259086983,0.1913890493786207,1.7633302815575338,-1.4637405147673175,0.5303948353054367,-0.35191010613027124,5,23
-0.46149737492860976,-0.4827507087934668,-0.8373870644123449,-0.6218817259086983,-0.5439107910649774,-0.4730256164379072,0.8112682555600137,1.458585797089951,-0.5073641873587557,1,158
-0.6001511404104953,0.2925528055133703,1.0431996526506768,0.16762947053727253,0.4855089855560599,0.22101586914688484,0.6774442102466413,0.36464644927248774,0.3346787526288683,6,154
0.37042521796270356,-0.4827507087934668,-0.6664246355884339,-0.42450392679720556,-0.24979085488753813,1.7633302815575338,-0.12550006163359329,0.7790174143548602,-0.44906890689807405,3,81
-0.5924481534392795,-0.4827507087934668,-0.6664246355884339,-0.42450392679720556,-0.24979085488753813,-0.5115834767481734,-1.1960924241405726,-1.59118450591631,-0.44906890689807405,2,39
-0.1687838700224069,-0.6088667471207123,-0.6664246355884339,-0.5725372761308251,-0.5439107910649774,-0.5115834767481734,1.212740391500131,-0.6132690283219112,-0.48145517382067493,2,176
2.334686895622749,-0.4827507087934668,-0.5809434211764783,-0.6218817259086983,-0.5439107910649774,-0.6658149179892383,-0.9284443335138278,1.6574838603294897,-0.4620234136671144,1,47
-0.5654876990400239,0.2925528055133703,1.0431996526506768,0.9571406669832434,1.0737488579109384,-0.08744701333524495,0.14214802899315157,-1.3425619268668867,0.464223820319272,6,94
-0.5693391925256319,-0.2243162040245211,-0.32449977794061174,-0.6218817259086983,-0.5439107910649774,-0.39590989581737474,0.8112682555600137,1.5083103128998356,-0.37781911966835197,2,161
-0.5924481534392795,-0.2243162040245211,0.3593499373550325,-0.42450392679720556,-0.24979085488753813,-0.4730256164379072,-1.1960924241405726,-1.5248851515031305,-0.16406975797918588,4,43
-0.5539332185832001,-0.2243162040245211,0.3593499373550325,0.9571406669832434,0.04432908128990108,-0.39590989581737474,0.6774442102466413,0.21547290184283366,0.0496796037099802,5,145
-0.673329516637046,1.3262908245891532,1.727049367946321,0.16762947053727253,0.4855089855560599,0.5294787516290147,-1.9990366960208072,-0.6629935441317959,0.9953585978499273,5,3
0.7555745665234967,-0.2243162040245211,-0.6664246355884339,-0.6218817259086983,-0.5439107910649774,-0.6658149179892383,0.14214802899315157,-1.0773645092141684,-0.4620234136671144,2,105
-0.014724130598089635,-0.4827507087934668,-0.32449977794061174,-0.6218817259086983,-0.5439107910649774,-0.6272570576789721,-0.7946202882004554,1.0276399934042837,-0.4102053865909529,3,53
-0.3998734791588828,-0.4827507087934668,-0.32449977794061174,-0.029748328574220162,-0.24979085488753813,-0.4730256164379072,0.4097961196198964,1.2099632180405275,-0.3454328527457511,2,133
-0.5577847120688081,1.3262908245891532,0.3593499373550325,0.9571406669832434,1.0737488579109384,0.22101586914688484,1.3465644368135035,-0.26519741765271837,0.32172424585982795,6,189
-0.5693391925256319,0.2925528055133703,0.3593499373550325,-0.6218817259086983,-0.5439107910649774,-0.39590989581737474,0.8112682555600137,1.5580348287097203,-0.13816074444110515,3,164
-0.5924481534392795,-0.2243162040245211,1.727049367946321,-0.029748328574220162,0.1913890493786207,0.29813158976741727,1.4803884821268758,-1.6906335375360795,0.5354736075489941,5,194
-0.014724130598089635,-0.6088667471207123,-0.32449977794061174,-0.42450392679720556,-0.5439107910649774,-0.39590989581737474,-0.9284443335138278,1.6906335375360795,-0.39725087982191254,4,49
0.48597002253094157,-0.4827507087934668,-0.7519058500003893,-0.6218817259086983,-0.39685082297625773,-0.5501413370584396,-0.12550006163359329,0.7624425757515653,-0.4944096805897153,1,80
-0.5693391925256319,0.613011591426863,0.7841915729824515,0.11828502075939937,1.0737488579109384,0.22101586914688484,-1.0622683788272003,0.6629935441317959,0.2504744586301059,5,34
-0.6964384775506937,3.3937668627407187,1.727049367946321,0.9571406669832434,1.6619887302658167,0.5294787516290147,-1.9990366960208072,-0.480670319495552,1.824447031068511,6,7
2.681321309327463,-0.4827507087934668,-0.6664246355884339,-0.42450392679720556,-0.5439107910649774,-0.6272570576789721,0.14214802899315157,-0.9944903161976938,-0.4620234136671144,1,110
-0.24581373973456558,-0.2243162040245211,1.727049367946321,0.16762947053727253,-0.5439107910649774,1.3777516784548716,-0.12550006163359329,0.961340638991104,0.5289963541644739,6,91
0.48597002253094157,-0.4827507087934668,-0.8373870644123449,-0.6218817259086983,-0.5439107910649774,-0.6272570576789721,-0.12550006163359329,0.81216709156145,-0.5138414407432759,1,83
-0.3806160117308432,-0.2243162040245211,-0.32449977794061174,-0.22712612768571286,-0.10273088679881853,-0.1645627339557774,1.3465644368135035,-0.33149677206589795,-0.3389555993612309,4,185
-0.6848839970938698,1.3262908245891532,1.0431996526506768,0.16762947053727253,0.4855089855560599,-0.08744701333524495,1.3465644368135035,-0.24862257904942345,0.5419508609335143,6,190
-0.24581373973456558,-0.2243162040245211,-0.32449977794061174,0.16762947053727253,-0.5439107910649774,1.3777516784548716,-0.12550006163359329,0.9281909617845142,-0.27418306551602906,4,89
-0.6964384775506937,3.3937668627407187,4.462448229128898,0.9571406669832434,1.6619887302658167,0.5294787516290147,-1.9990366960208072,-0.4640954808922571,4.208076276571939,6,8
-0.5924481534392795,0.2925528055133703,0.3593499373550325,0.98181289187218,-0.5439107910649774,-0.39590989581737474,-1.7313886053940624,-0.18232322463624387,0.11445213755518205,5,13
2.2961719607666695,-0.6750259803415625,-0.32449977794061174,-0.6218817259086983,-0.5439107910649774,-0.5501413370584396,-0.6607962428870829,1.127089025024053,-0.42315989335999327,1,59
-0.1687838700224069,-0.2243162040245211,-0.32449977794061174,0.16762947053727253,-0.5439107910649774,-0.20312059426604362,1.212740391500131,-0.5469696739087316,-0.3000920790541098,5,180
-0.3998734791588828,-0.4827507087934668,-0.32449977794061174,-0.6218817259086983,-0.39685082297625773,-0.4730256164379072,0.4097961196198964,1.1768135408339377,-0.40372813320643275,1,131
-0.23425925927774177,-0.6088667471207123,-0.5809434211764783,-0.6218817259086983,0.3384490174673403,0.5294787516290147,-1.4637405147673175,0.4309458036856673,-0.4555461602825942,2,17
-0.11101146773828793,-0.6750259803415625,-0.8373870644123449,-0.6218817259086983,-0.24979085488753813,0.22101586914688484,0.008323983679779145,-1.3757116040734765,-0.5138414407432759,1,72
-0.3806160117308432,-0.2243162040245211,-0.4954622067645228,-0.22712612768571286,0.1913890493786207,-0.08744701333524495,1.3465644368135035,-0.34807161066919284,-0.37781911966835197,2,184
-0.5924481534392795,-0.2243162040245211,0.3593499373550325,-0.3258150272414592,-0.24979085488753813,-0.08744701333524495,0.4097961196198964,1.2265380566438224,-0.1252062376720648,3,134
0.17785054368230696,-0.4827507087934668,0.3593499373550325,-0.5972095010197617,-0.5439107910649774,-0.39590989581737474,1.0789163461867586,-1.1933883794372326,-0.22884229182438773,3,175
-0.6848839970938698,1.3262908245891532,1.727049367946321,2.536163059875185,2.838468474975574,0.5294787516290147,1.3465644368135035,-0.21547290184283366,1.8309242844530311,6,192
-0.49616081629908115,-0.2243162040245211,-0.32449977794061174,0.9571406669832434,-0.5439107910649774,0.760825913490612,-0.3931481522603381,0.5469696739087316,-0.1575925045946657,5,63
-0.3613585443028035,-0.4827507087934668,-0.6664246355884339,-0.22712612768571286,-0.5439107910649774,-0.6272570576789721,-0.7946202882004554,1.0442148320075786,-0.44906890689807405,2,54
2.681321309327463,-0.4827507087934668,-0.9228682788243004,-0.6218817259086983,-0.5439107910649774,-0.6272570576789721,0.14214802899315157,-1.0442148320075786,-0.5267959475123163,1,107
1.9110226122058764,-0.6419463637311373,-0.32449977794061174,-0.6218817259086983,-0.5439107910649774,-0.6658149179892383,-0.7946202882004554,0.9779154775943989,-0.42315989335999327,2,50
0.17785054368230696,-0.6088667471207123,-0.6664246355884339,-0.6218817259086983,-0.10273088679881853,-0.434467756127641,1.0789163461867586,-1.2099632180405275,-0.48793242720519514,3,174
-0.40757646613009874,-0.4827507087934668,-0.32449977794061174,0.16762947053727253,-0.39685082297625773,-0.39590989581737474,1.4803884821268758,0.08287419301647449,-0.3195238392076703,3,205
-0.6386660752665746,0.2925528055133703,0.3593499373550325,2.536163059875185,1.6619887302658167,0.5294787516290147,0.8112682555600137,1.6409090217261948,0.5872916346251555,6,169
2.2961719607666695,-0.6750259803415625,-0.32449977794061174,-0.6218817259086983,-0.5439107910649774,-0.5501413370584396,-0.6607962428870829,1.1105141864207582,-0.42315989335999327,1,58
0.44745508767486225,-0.6088667471207123,-0.32449977794061174,-0.523192826352952,-0.5439107910649774,-0.5115834767481734,-0.9284443335138278,1.6740586989327846,-0.4102053865909529,3,48
-0.24581373973456558,-0.2243162040245211,1.727049367946321,0.16762947053727253,-0.5439107910649774,0.06678442790581995,-0.12550006163359329,0.9116161231812193,0.4901328338573528,5,88
-0.23425925927774177,0.059961751221319186,-0.4783659638821317,-0.6218817259086983,0.04432908128990108,0.06678442790581995,-1.4637405147673175,0.4972451580988469,-0.3907736264373924,2,21
2.2961719607666695,-0.6750259803415625,-0.32449977794061174,-0.6218817259086983,-0.5439107910649774,-0.5501413370584396,-0.6607962428870829,1.0939393478174633,-0.42315989335999327,1,57
-0.5693391925256319,-0.2243162040245211,-0.4954622067645228,-0.6218817259086983,-0.5439107910649774,-0.39590989581737474,0.8112682555600137,1.4917354742965407,-0.4166826399754731,1,160
-0.09175400031024827,-0.6088667471207123,-0.6664246355884339,-0.6218817259086983,-0.5439107910649774,-0.5886991973687059,1.4803884821268758,-0.11602387022306428,-0.48793242720519514,1,201
-0.5924481534392795,-0.2243162040245211,0.3593499373550325,-0.029748328574220162,-0.5439107910649774,-0.4730256164379072,0.275972074306524,-0.7292928985449755,-0.11225173090302441,5,129
-0.5924481534392795,-0.4827507087934668,-0.6664246355884339,-0.42450392679720556,-0.5439107910649774,-0.5115834767481734,-1.0622683788272003,1.309412249660297,-0.4555461602825942,2,37
-0.35365555733158766,-0.4827507087934668,-0.9228682788243004,-0.6218817259086983,-0.5439107910649774,-0.5501413370584396,0.8112682555600137,1.442010958486656,-0.5203186941277961,1,157
-0.5924481534392795,0.2925528055133703,1.727049367946321,2.1414074616521996,6.956147581459724,3.3056446939681825,1.4803884821268758,-1.6409090217261948,1.688424709993587,6,197
-0.673329516637046,1.3262908245891532,1.727049367946321,0.16762947053727253,0.4855089855560599,0.5294787516290147,-1.9990366960208072,-0.6961432213383857,0.9953585978499273,6,1
-0.24581373973456558,-0.4827507087934668,0.3593499373550325,-0.22712612768571286,-0.5439107910649774,-0.5886991973687059,-0.7946202882004554,1.0110651548009888,-0.17702426474822627,5,52
-0.507715296755905,-0.2243162040245211,-0.32449977794061174,-0.22712612768571286,0.1913890493786207,-0.39590989581737474,0.6774442102466413,0.28177225625601326,-0.3324783459767107,5,149
-0.5924481534392795,1.3262908245891532,0.3593499373550325,0.562385068760258,-0.5439107910649774,-0.3187941751968423,0.275972074306524,-0.7127180599416806,0.18570192478490408,5,130
-0.6309630882953587,1.3262908245891532,1.727049367946321,0.9571406669832434,0.4855089855560599,0.22101586914688484,0.6774442102466413,0.31492193346260305,1.0795628918486897,6,151
3.451620006449049,-0.5427075138998623,-0.8373870644123449,-0.6218817259086983,-0.5439107910649774,-0.6658149179892383,0.14214802899315157,-1.1105141864207582,-0.5138414407432759,1,103
1.0636940453721313,-0.7163755011045937,-0.9645831114573348,-0.6218817259086983,-0.5439107910649774,-0.6658149179892383,0.14214802899315157,-1.1768135408339377,-0.5462277076658768,1,99
-0.09175400031024827,-0.2243162040245211,0.3593499373550325,-0.22712612768571286,-0.5439107910649774,-0.4730256164379072,0.14214802899315157,-0.8950412845779244,-0.15111525121014552,4,116
-0.24581373973456558,-0.2243162040245211,-0.6664246355884339,-0.42450392679720556,-0.5439107910649774,0.06678442790581995,-0.12550006163359329,0.8950412845779244,-0.43611440012903363,3,87
0.37042521796270356,-0.5427075138998623,-0.7519058500003893,-0.4738483765750788,0.1913890493786207,0.22101586914688484,-0.2593241069469657,-1.4917354742965407,-0.48145517382067493,3,74
-0.7195474384643412,0.2925528055133703,0.3593499373550325,0.16762947053727253,0.1913890493786207,-0.24167845457630985,0.14214802899315157,-0.81216709156145,0.10797488417066187,5,121
1.0636940453721313,-0.4827507087934668,-0.6664246355884339,-0.6218817259086983,-0.690970759153697,-0.7043727782995045,1.7480365727536207,1.7237832147426693,-0.48145517382067493,3,208
-0.23425925927774177,-0.353533456408994,-0.46981784244093616,-0.6218817259086983,0.04432908128990108,0.5294787516290147,-1.4637405147673175,0.480670319495552,-0.4166826399754731,2,20
-0.5577847120688081,0.2925528055133703,0.01742507970721038,0.16762947053727253,0.1913890493786207,-0.24167845457630985,1.3465644368135035,-0.28177225625601326,-0.1187289842875446,5,188
-0.49616081629908115,0.03411830074442461,-0.32449977794061174,-0.42450392679720556,-0.24979085488753813,1.1464045165932741,0.008323983679779145,-1.3922864426767714,-0.2936148256695896,4,71
0.7555745665234967,0.2925528055133703,-0.32449977794061174,-0.6218817259086983,-0.5439107910649774,-0.6658149179892383,0.14214802899315157,-1.0607896706108735,-0.35191010613027124,2,106
0.5629998922431002,-0.7246454052572,-1.0028786955138909,-0.6218817259086983,-0.5439107910649774,-0.5501413370584396,-1.59756456008069,-0.5138199967021418,-0.5462277076658768,1,14
-0.24581373973456558,-0.2243162040245211,-0.6664246355884339,-0.42450392679720556,-0.5439107910649774,0.06678442790581995,-0.12550006163359329,0.8784664459746295,-0.43611440012903363,1,92
-0.1687838700224069,-0.4827507087934668,-0.32449977794061174,-0.22712612768571286,-0.5439107910649774,-0.1645627339557774,1.212740391500131,-0.5635445125120265,-0.3648646128993116,4,179
3.451620006449049,-0.6088667471207123,-0.8801276716183227,-0.6218817259086983,-0.5439107910649774,-0.6658149179892383,0.14214802899315157,-1.127089025024053,-0.5267959475123163,1,102
