iter,lambda,alpha_0,alpha_1,alpha_2,alpha_3,alpha_4,alpha_5,alpha_6,alpha_7,alpha_8,w_0,w_1,w_2,w_3,w_4,w_5,w_6,w_7,w_8,acc
0,22026.465794806718,2.339139150365009,0.4532854023613272,1.0000000132913538e-06,7.079474086438552,35.33491871082699,3.2690615857823837,2.251397386743229,1.61917402145184,2.6310768649731777,3.1538481575643392e-15,7.797741488440035e-10,0.029208970508999763,0.7453558092111418,0.22543521931837526,2.1358787452562558e-11,2.9802659919564067e-14,2.6303233210317452e-14,1.6029101101853786e-10,0.8502077410890007
1,22026.465794806718,15.643010167451433,8.140724568956143,1e-06,1.3902434769371733e-06,0.05842254995994303,56.84776341093791,9.41345716446096,11.130807090663156,35.8809755923122,4.524448725265014e-90,1.2498374763402565e-54,0.07825196752365607,3.589796836687316e-50,1.8484279423417683e-54,0.921748032476344,1.38994190233085e-78,2.4775673401233853e-82,4.508094055678724e-46,0.7982935900240647
2,22026.465794806718,11.704283514958675,342.8186941287003,1e-06,396.799038939957,146.84972026401584,97.09990344114391,6.702829349822367,7.974807605962857,15.958579583109247,2.8320603517296064e-49,0.3839436170340385,0.005405533459016731,0.5834896254211195,2.0318837074861848e-35,0.02716122408582526,1.494181885926215e-38,2.8496354886418813e-46,1.2697058594319413e-18,0.8658161020677518
3,22026.465794806718,3.195496857161331,7.037732723190948,2.362696917917728e-06,5.158022552679274e-06,1.0411981250238178,0.6632012010711436,2.0513433257048392,1.6016357216484358,4.011039864302468,1.9052933800823932e-10,0.9652735610863286,0.025035808777573287,0.009687565878365872,1.2594742952903412e-07,7.32236258679438e-08,1.495565766384198e-09,2.725482742654146e-10,2.8631280336435914e-06,0.8610443521957614
4,22026.465794806718,3.638962352519882,1.0000820306895104e-06,1.0000837258016162e-06,10.834893572957208,34.75572294574747,51.63034040668822,0.8880032889485163,2.5540038642646206,2.799269783665547,1.5722200578861437e-13,0.003081812175104263,0.0024704119515747067,0.8082334750303974,0.18374514626455124,0.0024690296287427417,5.024928844478424e-12,1.8839988251851112e-13,1.2494425896276985e-07,0.8468290542023261
5,22026.465794806718,5.229689890145768,0.14703587094567017,1.0000000031300832e-06,3.419164237069627e-06,0.9434300380619423,11.612795544452798,2.0936746831603816,1.9364236376345616,4.798146391922576,8.646363470249469e-27,8.461293983978995e-16,0.7908560895304557,0.20914391045486863,4.4194765208726866e-18,1.467335429022677e-11,6.405226060297016e-23,1.2754079141659747e-23,1.2828273756767224e-15,0.8995183887915937
6,22026.465794806718,1e-06,103.03243205732028,1e-06,2567.5979107568887,1002.905025527102,759.8029289334579,51.67612274614293,23.83192841674863,3214.125830769688,6.605072961306408e-303,2.50013612039831e-139,0.011932631056855568,0.7076159867921324,0.03147581352097148,0.0020697449972773983,1.47e-321,0.0,0.24690582363276325,0.8597655385976554
7,22026.465794806718,1.3232658609653833,0.10440685198393246,1.000000000000014e-06,58.89313800028353,126.90787371644872,81.21911509442585,8.393718318057617,9.790274470464892,77.87112510764968,1.4541293318731927e-16,1.7801925851521408e-17,0.021609931485052483,0.083101311119497,0.4075127788376483,0.1510023830231893,9.651410698583604e-23,1.9971618870399204e-21,0.3367735955346129,0.8483786152497809
8,22026.465794806718,3.2388255245355904,5.898515024529775,1.0000000003082443e-06,1.000000007201438e-06,109.71009681982626,2.6788559552636064,2.1310228076573057,2.7057443362874043,8.974024981090649,1.989015494241937e-16,0.23216358066919715,0.1347852516084349,0.021586182721804723,0.6114642873273253,1.9493731212520123e-10,5.334410209848785e-15,1.406056606164269e-14,6.974782810856097e-07,0.8588416648315349
9,4719.3354742826605,12.56574237797365,4.422882605897746,1e-06,13.8940347131026,63.78683809086891,9.752004674844017,5.273350639884426,1.7736425702279368,19.43720981284468,4.1597048312911667e-51,1.037524827246511e-33,0.7177948423543757,1.2102278237203274e-35,0.28220515764562415,1.6800536511329707e-28,5.666178450939294e-43,5.675193102289206e-49,9.972661165334273e-36,0.8743157433763958
10,22026.465794806718,7.475593460353391,269.13907986269965,1e-06,445.807842354711,2.6458449662646275e-06,1e-06,19.00453911921981,15.82184954978297,406.10278243855345,8.170905335659402e-145,0.21191399192292654,0.01368888475987883,0.5977652250093498,1.3608512154471571e-133,4.1754304965066797e-225,2.5462107243533743e-159,1.529174388175802e-157,0.17663189830784476,0.8599519335809482
11,22026.465794806718,688.1740068467869,1557.1031095972103,1e-06,12891.703816897387,2779.9426044243,1070.862771045712,268.7999563930955,351.66714062131143,2270.892466734732,0.0,0.25310454194084686,0.027962780004459096,0.7067684656064487,0.01216421244824541,0.0,0.0,0.0,0.0,0.8797718297498903
12,22026.465794806718,25.235494607492274,277.88427988231916,641.5565226867071,1e-06,116.23121740156068,12.377545487237594,8.711859920424105,1.1142990423974044,233.62174482571206,1.3466950101507437e-134,1.3392908548529653e-133,0.9914598564229582,0.0010914979432033983,0.00023613733974047691,4.490395368941083e-106,3.593776901336241e-129,4.256967553996053e-139,0.007212508294097882,0.8455674145066434
13,22026.465794806718,2.320640682010097,0.4936757573250251,1.0006521710685132e-06,1.00017451599047e-06,7.917517998777104,1.6181458022993689,2.2192171253970483,1.2190642525327522,3.2853852847671328,2.623536058457424e-12,7.956648681824254e-08,0.1545393289391401,0.04126136218031246,0.8041986321197118,1.7857992428530142e-08,3.623740038350178e-11,8.066202013271194e-10,5.784908752305055e-07,0.8533892691543387
14,22026.465794806718,12.243767763234901,12.731311415943562,254.60694525406385,1e-06,27.075891448688672,150.0014010867501,10.090586931139304,0.5860561135533319,38.30161972325947,1.4711775546911485e-72,2.833508809715882e-46,0.8497320471924177,0.0011239655416842766,4.8446938037532654e-34,0.14914398726589803,5.567194177140114e-69,4.5787553705248676e-66,1.031167262785564e-46,0.7647187091146969
15,22026.465794806718,6.316097857836088,33.30685525431629,1.000000000018226e-06,155.67823369397695,2.650810031750203,4.468886000774003,7.751556124797733,1.1808403337978517,15.407944447619114,8.247131496044797e-35,0.4055118046157256,0.0036917338060004448,0.5907964615782739,1.540745369617267e-24,8.471577345346887e-26,1.0298908757865989e-29,3.77774540168613e-33,1.441609616226123e-20,0.8222707423580786
16,22026.465794806718,5.6207941731358195,27.924357689096357,1e-06,123.55508327800906,56.61897731713035,0.2067739391212498,5.494402677917234,5.470946137377449,51.32830894734796,2.2251160393818726e-21,5.560076793337802e-08,0.0402700262277807,0.43820406367677384,0.27793714582292434,4.813608213783997e-17,1.6682730406157613e-22,1.2635696806157159e-23,0.24358870867175317,0.8720752241417012
17,22026.465794806718,0.7540368200942403,62.20406908704303,2.6800288901079363e-06,8.701038778707973,40.15238800604262,3.3826792905605423,0.836711929089592,2.063272312195019,3.4665413876734656,1.9619289249291734e-11,0.23165897069919772,0.020233468380892735,0.7008841009974495,0.047223459614443644,5.152161315543024e-13,2.2517616950592484e-12,1.2115041077109882e-12,2.8441862965854815e-10,0.8780969085726814
18,22026.465794806718,11.4410375733555,11.016000441226991,1e-06,1e-06,12.023792358807642,153.80830605696318,33.071487052836424,0.20891918500665838,55.33588751713018,1.9143336314356278e-55,0.9820709976132109,0.006614307148362034,0.006172493021923987,2.1589151944442975e-40,0.0051422022165028185,7.285538261416854e-60,5.732384618710821e-68,4.846530154850212e-22,0.8588876772082878
19,22026.465794806718,23.43186626195678,101.54731342287701,402.98196142372245,0.12009211737914666,31.83518863026092,39.251254542177776,7.172483119066155,4.879721918031949,80.0047552428201,1.6906025096944248e-155,3.6027547662582893e-100,1.0,1.1782863505062026e-101,9.582504517894991e-118,1.9214713898394992e-124,3.216791333486085e-137,8.045233938320489e-142,2.1138375342356505e-136,0.7745311818578282
20,22026.465794806718,7.433302635174493,0.0019152596563419381,1e-06,1e-06,85.60895946432737,969.108158010922,10.216294539704265,17.937153462827947,191.28067599351786,1.0307784216581658e-93,4.424154991717016e-34,0.02197254570228328,0.013361367810407334,3.2657593854551957e-82,0.09495836980917188,1.8173893562757834e-105,3.0586518891103438e-89,0.8697077166781374,0.8733816107087996
21,22026.465794806718,50.87618883924849,65.08712084147855,1127.981904629927,1e-06,77.45694519393477,402.11074524318224,7.33889994513369,9.121401954707563,857.5637911710814,3.175298724098531e-194,4.347685573054311e-112,0.9918661472049963,0.0004373115249233477,8.126578760928242e-91,0.0035053509463642478,7.251149913499645e-165,1.8959341302302965e-175,0.004191190323716199,0.8146191105239983
22,22026.465794806718,19.29158154143795,382.6986718002377,1e-06,441.78571203365175,109.82655303902408,777.8059099063454,5.152060558006646,27.959328696367866,924.2237095212425,1.0692065045939031e-77,0.29790308886710704,0.020252402565749242,0.14903717426031993,3.688597790471085e-06,0.32650602856618227,1.8115160967742344e-94,4.743645829377557e-96,0.20629761714285105,0.8491976258518356
23,22026.465794806718,10.87821463656394,0.03477378346416385,1e-06,18.05338508089197,11.162419239963777,139.70597914296937,5.841602153249412,10.31439736895172,21.53443022870409,2.750625831083262e-84,1.1606293568735134e-42,0.1046120270190974,1.5213388014952897e-45,2.641171020396843e-41,0.8953879729809027,3.1237164567788627e-79,1.3236232377701714e-81,1.8461675884584484e-45,0.784527972027972
24,22026.465794806718,4.574633666829556,30.018367800498197,1.0640418125907425e-06,39.74036985829362,26.93118324504684,3.875552570701836,0.9207584254007569,2.55274278335145,12.471392039568723,7.437953186422136e-10,0.08442836338589259,0.003759072775742734,0.5244251884947083,0.25848989534522115,0.00207505983346341,4.092495479802015e-11,5.725665439032218e-11,0.12682241932299484,0.8715194036395527
25,22026.465794806718,2.968217532607159,2.9813972499891808,1.0000000000002202e-06,81.4303061785784,8.625258649367188,6.057766147418678,1.454986403625389,3.0068145948237373,8.29710229188724,1.1581177608807449e-26,4.518280315744018e-19,0.022973382526468578,0.9770266174735178,3.03873282896261e-27,1.371950258788436e-14,1.0352284191881497e-24,5.431403050649381e-26,1.6108649800448917e-18,0.859802847754655
26,22026.465794806718,6.8052780832362565,0.7863074707633942,1.0000065347168463e-06,67.6159176335021,5.040373018242565,18.514725896056618,2.87836760178399,4.352749567073417,4.7771240329563165,1.8734456443912134e-40,1.1608987473454911e-29,0.022768619511723154,0.9772313804882767,5.308984193823002e-29,5.972727645830379e-24,2.384778629849731e-35,3.055465384082914e-36,6.330605320379751e-30,0.867804771284745
27,22026.465794806718,12.939518167075901,495.2336856319539,1e-06,32.81279452205796,41.176864405584595,359.1691212192377,71.68967096952423,21.182361670620086,305.16117892812935,5.104506962032458e-178,0.7363193197658532,0.010796990088216503,5.344520941898904e-103,2.9585781065560044e-115,0.054957575832527396,8.107660934092789e-181,3.947971095587096e-178,0.1979261143134029,0.8343558282208589
28,22026.465794806718,2.330492885311178,0.8379210823711841,1.0000283851074035e-06,1.0000246749744393e-06,84.9573304874696,48.71673422691361,3.898936228826157,2.490379740725616,5.497568841579768,4.571764597449604e-18,2.4177203877561527e-12,0.0758358186227323,0.03431241515154819,0.7134006075533409,0.17645115862531482,7.456612058613952e-17,1.861129608416313e-17,4.4646026626547776e-11,0.8549835706462212
29,22026.465794806718,1.343548913741028,43.31531289695872,1.0004996203477128e-06,38.86713984125227,59.34397652608664,2.2063095524553327,2.441943767389264,2.9719845374274363,157.70473676524068,3.198371013000484e-11,0.060826953572099086,0.017021157812735763,0.7997851565772484,0.005059227781061635,3.5550459677251364e-18,4.0463711166378215e-11,4.133393245279165e-11,0.11730750414307371,0.8600131032976632
30,22026.465794806718,5.858463895569562,1.371592870875914,1.00327268426357e-06,1.0002593702145602e-06,3.2471802487922243,2.9239624683921748,1.3355934740090576,3.1269971826773575,2.5483831348335704,8.693945660851534e-16,8.87443808938529e-10,0.7799295079409084,0.22007049016166144,6.97673796937401e-10,5.719433409400403e-11,1.285379572651098e-13,3.117706575944816e-14,2.5495769768360943e-10,0.8782149923060013
31,22026.465794806718,9.388126243621256,2.166419990212938,2.3695447448883966e-06,1.0000000000002392e-06,116.21409034394097,7.889475268276364,13.362110953321075,2.483739610494785,10.930171307013666,1.3867530239035847e-46,4.0323597157476397e-19,0.07917747708329548,0.0493032471759374,0.8715192757407672,3.85078163364426e-21,5.194661252538702e-36,1.1346930629619861e-39,1.4315436900625828e-21,0.8777292576419214
32,22026.465794806718,37.93302491256703,64.66902428767025,1e-06,342.77524144912724,405.63280479329535,265.28731647115546,14.162811702550291,32.001769877884996,338.4302707220769,0.0,1.492538599902706e-272,0.0,0.7598476788985125,0.2401523211014875,5.4312723591686e-217,0.0,0.0,5.274892324195583e-77,0.7998681898066784
33,22026.465794806718,4.271616595665607,6.078852403159018,1e-06,318.9306250333772,11.872386663658615,1.0148779083885926e-06,0.5072302872968993,27.327206390457008,150.3309122793087,2.932626100473475e-44,3.4046315133500894e-39,0.014924823386823556,0.7644077814533934,7.174973222050254e-28,1.4062622405417583e-44,3.7724767697800967e-64,2.945280856544477e-41,0.220667395159783,0.8587336244541485
34,22026.465794806718,2.7286740432598817,0.8456461344696534,2.686715061355528e-06,1.8792079194612037e-06,0.9986402130491093,4.278556186185248,1.3204056466457055,1.26321641231365,5.959243284273938,4.9613479566421504e-11,4.7993227016286185e-09,0.8853010084483585,0.11469886596199033,1.2454984498492251e-08,1.3694630957308076e-08,7.154122277836518e-10,2.6634978631760424e-09,9.121218942751413e-08,0.8811816192560175
35,22026.465794806718,18.601160855154195,0.03413134415240541,239.3068099574246,1.0000000000000266e-06,0.014304378098857888,17.60455538233937,6.177833448356472,3.594784931462488,40.95239325031167,1.6780462461482556e-88,6.658495964289071e-62,0.9993070568749941,0.0006929431250059005,1.9313382628898583e-66,2.338524821706768e-59,6.314052664041808e-77,6.977003586278543e-81,1.9737246997985972e-51,0.8517384649026897
36,22026.465794806718,12.387983581106212,2.8116697277451563,1e-06,153.38059205389453,142.96285408576884,6.900224881844938,3.3293432345375047,6.95859678102696,9.885619183745895,4.885288001347859e-34,1.4611936726333654e-21,0.031886177862654734,0.8811524032614618,0.0869614182951338,5.807495557410444e-10,9.594866323916484e-31,1.1167450911583534e-30,2.876471309660292e-19,0.865548049684027
37,22026.465794806718,1.4685625797734623,0.017405181773517023,1.0000133597827754e-06,211.70247251734742,1.5578089757461564,16.491168054802984,0.3775283116559338,0.6792208420222687,17.39818893389303,2.769123951776404e-134,1.6659227834386646e-148,5.387047417562512e-222,1.0,2.9739654610227276e-146,1.522711195146158e-140,1.43026126633542e-132,1.177617432764024e-130,1.4110050818873758e-148,0.8058167504920184
38,22026.465794806718,2.866597192483196,7.641435028220722,1.0000004432220626e-06,3.2479135968195836,46.11170752910688,0.7135701197693791,2.6061742523657703,2.847358347763643,5.631051139523764,1.1783294872910915e-12,0.7805866979937086,0.09014384694992297,8.749860162674018e-09,0.12926943242302158,1.5329197577172808e-10,2.6085023210615337e-13,4.252281364558436e-12,1.3724503316790768e-08,0.8357456140350877
39,22026.465794806718,5.242779870738354,9.255135952946308,1.000058534467896e-06,96.19858032744528,1.3127591198609474,11.630286205868952,6.216222431867514,3.1295164420612624,16.605095919652474,1.1036843899826e-34,3.978805726607198e-18,0.03483898397066869,0.9651610160293314,1.0874927199930352e-23,2.182634079424304e-18,1.3024972538291335e-32,2.9375024068259635e-34,8.066792249175297e-19,0.8728980126665211
40,22026.465794806718,2.270770560114054,27.66450684178295,1.0003039865089339e-06,1.000162306361192e-06,31.720507777347798,1.0000000541720082e-06,1.4126586153207492,2.9888872798754575,60.10239921513263,7.321128778606382e-09,0.3152264939412619,0.008499132871948343,0.010779211461230202,0.007990401688058769,0.004198599885331347,1.2719715867308864e-10,6.334516984585408e-10,0.6533061520703918,0.8661832564271589
41,22026.465794806718,4.659142052220283,5.349665211206078,59.06612457923363,140.49227770297125,3.9120076561215167,51.6611479089982,5.274228448719621,4.619120057930629,22.206574405895182,1.2923341177990631e-31,0.13367358949894548,0.16973577716789304,0.47168932482195347,2.8082371396473135e-26,0.22490130851120796,1.1497435503798977e-33,1.9400784934455062e-34,4.0836650018288736e-23,0.7732431252728066
42,22026.465794806718,0.2923739794266514,5.8228497274048205,1.1507849965187974e-06,6.938451506868827,37.52625463022914,2.9979918379178487,0.047675952647607406,2.4923038131627875,5.338029390351243,5.913636227893209e-13,1.5074840353203818e-08,0.03656689163835559,0.7914079196554312,0.16552817502176953,0.006496996705711688,5.2643161565028496e-18,9.555445979909497e-15,1.9032906547970447e-09,0.8413913804419164
43,22026.465794806718,2.7699770604835856,3.3617122735586746,1.0053156729226554e-06,1.0004092284386491e-06,40.77694109426948,1.3823214976677283,1.569319502644583,3.0668287226535025,5.411043233211092,9.765693307060737e-15,2.5823516989190994e-08,0.06042516050529084,0.029003567412643264,0.910571222479865,9.264516998766193e-10,6.91830554059089e-15,2.90427523359509e-15,2.2852212593176134e-08,0.8432314410480349
44,22026.465794806718,8.24085042027936,267.2773757233316,1e-06,179.60359357772256,1.000115643723593e-06,501.504596977928,2.8683255856043934,15.89774297171313,21.53296421588547,1.1060512939837578e-57,0.40670357444837235,0.01983346673524,0.5013573442573309,7.515116335736965e-64,0.07210561455905667,3.289400017985367e-61,1.3938706863679927e-61,5.030840819311635e-44,0.869242523466492
45,22026.465794806718,31.98850105112015,426.0260202331428,1e-06,589.017037780173,61.636928151969144,4.104275989615778e-06,19.53550852896729,18.315410870095604,824.8020987778337,3.5664191701491445e-133,0.25572665768337144,0.01748564349875226,0.5346086070146443,6.283755775431295e-32,7.679673226991671e-141,2.2125691365242166e-129,2.6244761422883185e-129,0.19217909180323198,0.8590869183494293
46,22026.465794806718,11.06971110797722,6.373263051580706,1e-06,138.19467538380246,59.52980422123904,14.285539914744785,6.670185651818867,3.9880872990949277,7.7124393512388565,1.363686989477773e-53,7.1732495595567925e-31,0.022911503443638546,0.913894218482755,0.06319427807360642,2.665958706767087e-29,5.080739483641522e-48,1.843089628872465e-48,1.2201299391569954e-34,0.8715936341835623
47,22026.465794806718,10.303537452497128,41.66778111265432,1.0000000000154844e-06,5.574962964350691,17.746817409088862,37.05468942926785,1.5340062915723165,4.979519577665492,15.362462425861716,2.370349978171423e-29,0.5388028354954769,0.029596614937244962,9.057562189398471e-13,1.502300289704473e-10,0.4316005494161402,2.442707383628248e-23,2.9819286133192156e-27,2.1614846320199128e-15,0.8242677824267782
48,22026.465794806718,4.25850807076842,3.4950868222384384,1.1070094239098272e-06,1.0018545108163484e-06,3.385052709138622,2.112656796963958,1.6857099519852938,2.197282035760341,6.577013137123066,1.1069896697367502e-16,9.667182292086876e-09,0.8286190111382543,0.17138088416189864,3.949873743316079e-10,2.98888229083701e-11,2.693706957166874e-14,1.7876413166432337e-15,9.460775959260206e-08,0.87521815008726
49,22026.465794806718,4.296055994032885,8.980821700357568,1e-06,1e-06,8.748724319316016,2.9375466433495667,2.018604091382194,4.293228595966372,138.41850397967133,1.5581717818375855e-30,8.336970450210926e-16,0.06389016198377397,0.018759091222895513,3.7466066612295714e-16,1.3812598051231397e-20,3.621964674821929e-27,2.546065163927008e-29,0.9173507467933293,0.8889862053864681
50,22026.465794806718,4.2916541954620175,20.174829996404394,1.0000916424892171e-06,5.6627413280951275,1.8493529574828054,2.5909917468400527,2.5437405810703537,1.3182631619421772,5.871730258107788,4.644178937307012e-16,0.8919085686177283,0.10808857437157349,2.7594018068523055e-06,1.0744128569733505e-10,8.296471526623497e-11,9.865610205844706e-12,3.263256217340001e-14,9.740858687596708e-08,0.8602811950790861
51,22026.465794806718,29.807365054620565,1.0002051680176093e-06,1e-06,1877.2764079862418,796.8131431090267,232.68496583937264,1.926032239366386,109.09840338950369,102.2235026848094,4.688593207739012e-252,0.0,0.0086775938292501,0.7277555995246465,0.20441460055612934,0.05915220608997405,0.0,2.8205771092141536e-280,2.257146450685751e-164,0.8354125629240534
52,22026.465794806718,9.344430207260757,308.4581573267933,1e-06,0.009779393632959857,57.56044275413827,218.55477645956088,7.804875562320632,21.66533896085622,112.96403301782799,9.062764250228835e-115,0.6283632989014166,0.034424241033177934,2.101088328772624e-65,7.756201667553958e-132,0.0404088346188717,2.70613297520226e-114,7.388448494694065e-110,0.29680362544653377,0.8334062090074333
53,22026.465794806718,1.723200291572523,6.781421414078542,1.0288913564929412e-06,8.517305821279765,10.738038527211625,3.21771211502911,0.9599119295284931,2.2233409507865596,4.456134398381869,1.9916929164384059e-10,3.643966871278095e-10,0.047854928224472,0.5064534207522005,0.4456916136523207,2.166805417029837e-09,2.0778356041815915e-11,1.4829374813588076e-10,3.4471563400309414e-08,0.8520228671943711
54,22026.465794806718,6.9707454558792445,103.96191824899722,1e-06,163.91735527631064,1.405542174965267,153.7062789765076,6.519830681243734,5.178769089398477,146.143573953743,5.2609489485687444e-30,0.13832726822975283,0.0048147903702699,0.613247372746652,3.33660282237785e-19,0.10280255680121192,5.850417658430612e-29,3.8639554851046253e-31,0.14080801185211322,0.8591703056768559
55,22026.465794806718,1.6727949644600508,7.017471241858413,4.1051669240991875e-06,1.5635610451372501,2.7107722263158704,1.500630955401029,1.4948637076863134,1.6257577681061524,2.910513768783462,6.809813929827485e-12,0.9528830104589736,0.04711427621943103,2.689709713035175e-06,5.799648479777763e-09,2.536100434633176e-09,7.078828165301279e-11,4.670473427266808e-11,1.5151830433805285e-08,0.8377729257641922
56,22026.465794806718,94.94990836913716,737.9716224911017,1e-06,1e-06,3024.514520007005,0.004225667892707122,59.587772919307376,32.760871909260224,2669.6219105530727,0.0,0.614292027070328,0.006748536986164669,0.015555058510800496,0.15224967617012236,1.459415854418995e-214,0.0,0.0,0.21115470126258432,0.8406749945211484
57,22026.465794806718,3.4551551860403733,0.8881719322360729,1.6712562807349917e-05,37.909959322796425,5.402556089699951,3.7396739191925272,1.6916288305852922,2.11951758222506,3.0841479734906607,1.595923655977228e-16,6.006990045224184e-12,0.009190976439599962,0.9908090216133472,1.9134665845332046e-09,2.061446960120638e-11,3.574689138645898e-15,3.02457350039842e-15,6.9581190067511106e-12,0.8573003970004411
58,22026.465794806718,14.232493500538517,9.95409096852438,1.0000000958564894e-06,673.1150075880057,12.356431112828297,12.643558276914938,13.89720787967732,13.661420817387297,33.824397882709505,7.888630993336937e-112,9.549925088790967e-46,0.012356753917674441,0.9876432460823255,1.974549052880157e-68,1.7420278512459236e-74,3.7469291023262504e-107,2.8886618047853386e-105,8.819459923711578e-50,0.8521950143392897
59,22026.465794806718,1.0000809877373641e-06,2415.8890309512462,1e-06,1e-06,1e-06,0.5745234054404695,0.07179029349063695,46.15014787439611,305.9954757194332,2.213244842748314e-114,0.5656672988435238,0.027152307833819965,0.012153149359096343,0.0004746847132822017,0.0016209607326552263,4.198014422029166e-134,1.464129200337192e-116,0.39293159851762244,0.897625789588325
60,22026.465794806718,3.730402892549863,5.779836601010685,1.0000000363615652e-06,51.46421454906097,5.96529965874451,3.0603313084047645,2.281777117169097,0.5696845750896727,14.937438638202918,1.4590772598276134e-23,0.19342563296024676,0.00925824080678487,0.797316126232493,3.390692871058094e-16,9.701204636718567e-20,1.3983234216398468e-22,3.9900815350498593e-22,4.749612348340384e-13,0.8472131147540983
61,22026.465794806718,6.749054538079398e-06,144.22292152660958,1e-06,5.7172949401735,10.18027246206829,14.145374354279781,3.1293068365904766,38.27125887308143,137.61651176387085,5.745959694535326e-56,0.11873559043826551,0.004978250744249547,0.1469543513532137,0.12920407491612818,0.5052606171118676,4.702970554760494e-59,9.584846404006497e-28,0.09486711543627539,0.8170812238608849
62,22026.465794806718,120.14826734610642,0.00024701325591463684,1077.1813753532806,1822.64263772823,1719.049849482785,982.6312395068252,1e-06,95.75581631933186,227.39313287715012,0.0,0.0,0.5319630997284424,0.24815642467892055,0.08615723435615347,0.13372324123648352,0.0,0.0,0.0,0.8268426842684269
63,22026.465794806718,7.957579766110238,0.08458494347535074,1.0000000189255392e-06,60.33751278866736,7.7969907901481665,4.0786247927131685,4.063028047289771,2.524618421156479,2.8719115058748512,4.615532757499104e-30,1.3622606591062837e-17,0.009198040064129798,0.9701835899301008,0.020618370005769496,2.3950940413896063e-23,5.543441530303283e-26,6.623593582739705e-31,3.2626420129810112e-21,0.8837666593838759
64,22026.465794806718,176.7781151197726,221.80475328079467,1e-06,328.5028734207083,2011.0143696878315,128.12376322251194,31.839436961059487,69.50061491194442,351.5945103737721,0.0,0.0,0.005497001353059514,0.8781665681198897,0.11633643052705074,0.0,0.0,0.0,1.5e-323,0.8524446393334795
65,22026.465794806718,102.37053096397227,328.20543633573214,500.7917042416125,814.3477249061244,1.2426106283188018e-06,115.04030705889514,63.448871269761135,35.6230664445607,225.06678641308952,0.0,0.024587559524285506,0.6698932245378875,0.30551921593782705,1.93145891694527e-310,6.74781312513233e-310,0.0,0.0,4.950737844900348e-250,0.8073654390934845
66,22026.465794806718,2.057658014381457,0.535168270436355,2.2430396993175527e-06,1.1313922704660044,0.7152253280633453,14.178479148633738,1.2298618624302988,1.2246806199818232,3.116125218521077,2.2655018367770418e-10,6.849983934792959e-07,0.10256642375390466,4.571974288494937e-07,8.411565104896969e-08,0.8974315862860537,3.771237192500317e-09,2.3618704792192535e-09,7.57288910329998e-07,0.8102620087336244
67,22026.465794806718,10.011041090334148,24.886608225606466,1e-06,114.45517370647212,4.767936356907118,3.335383764578092,1.9814085384536104,2.643842377356622,36.37143238146592,2.2989124755288536e-96,3.3869076273033607e-75,4.960158178644222e-104,1.0,9.489496856603561e-86,1.9949391128315503e-88,8.586027541048727e-91,4.5410159224523227e-94,7.335683633812275e-78,0.8219238388729914
68,22026.465794806718,3.8065310999643267,3.394240931550148,1.0000000000231729e-06,82.12658965922418,1.8466186010100913,24.954573203048874,1.8311094399975267,3.8544231240590623,91.2885502157668,1.2058677383462124e-19,3.1104234745114276e-15,0.012053330516140982,0.32587178573487735,5.903444625540586e-16,0.30043888101507243,2.37263326023347e-19,2.131990964557099e-18,0.3616360027339056,0.8207423580786026
69,22026.465794806718,31.947891260889172,60.44447476055244,1.000000000000007e-06,7.331775235169309e-06,211.88461296036058,7.4797342399383195,1.4431910677371886,17.00836465942269,552.1917625519263,7.1370554694727e-05,0.3003935157051863,0.012565995879196303,0.0055613124572899695,0.11687669902615778,0.34211329256209316,1.9138966063673823e-20,2.417701362093558e-12,0.222417813812964,0.8834972677595628
70,22026.465794806718,10.58269011703301,49.71927476448785,1e-06,1e-06,530.2583120678709,307.1109243951349,19.632582546869358,17.584980636703,341.10857367764487,1.312672768455036e-81,1.2622505331795153e-106,0.029063166317514936,1.40300140749738e-85,0.3699882304310719,0.2589696696871465,6.865502792484399e-109,4.772023916496524e-96,0.3419789335642667,0.7983800350262698
71,22026.465794806718,1.376453947945959,1.6972279499627432e-06,1.2820136781042429e-06,70.26859915521077,2.7099614754981793,83.82746081324646,2.391987256298957,1.721401108530592,39.823419357009094,2.5710069971041233e-10,0.0028016941177320615,0.010586029069077787,0.6893510567317234,2.8638807269068814e-07,0.11947244463328756,1.320690835689013e-10,6.886670629045755e-11,0.17778848860207006,0.8462212486308872
72,22026.465794806718,96.15279402359207,1422.2076329427607,1e-06,1718.6352758915211,173.08393602969142,1187.7387977630626,1.6071073130578344,102.99686356538884,483.3512616116334,8.9e-322,0.20117666453445107,0.009548740625008876,0.46119282584479776,2.7968822071045203e-238,0.23151915798676112,0.0,0.0,0.0965626110089812,0.8394685253757351
73,22026.465794806718,9.66175922515736,3.383469601189363,1e-06,260.30335328450354,21.32189003349714,10.883985157838563,1.2685871906893877,5.589123748488602,18.31734193126484,1.301057853214215e-87,6.463683824499384e-63,1.6043800658005618e-58,1.0,1.9137559938375525e-55,2.147121629885526e-55,5.22939012580947e-85,1.1632151507155859e-87,2.6985586731682445e-61,0.8449901337426003
74,3029.689207376094,14.335951460050183,105.27898968167503,1e-06,64.10219627136193,65.28704320604902,92.59932484625418,28.719541733546325,27.167856566229045,72.69956785622001,3.5837419859757805e-80,5.858503232032158e-33,0.7860514960785076,1.2392791617427165e-40,9.929778440562221e-23,0.21394850392149248,1.2747123317307476e-58,4.9054549377589204e-71,6.561559202060509e-47,0.8603938730853392
75,22026.465794806718,9.108040605745344,4.485696164754715,1.6596123871485906,79.29015264166355,0.0015150951358174495,1.0753776027453534,7.559981435582666,0.0408393130640411,19.56032514839282,3.1438483660501592e-71,3.6062486128650834e-44,1.2606441636317764e-35,1.0,3.921371123679815e-54,8.221634109855632e-51,4.793437633730119e-64,7.077377276393443e-66,1.1066048372011174e-47,0.8069675723049956
76,22026.465794806718,4.053328143458586,0.7391725772395845,1.0000001093262341e-06,57.140168551301976,4.813398586226071,10.232177316666702,2.8909040792019347,2.4980698099540124,15.911473025909842,3.7248257759732984e-29,1.2877082484773919e-15,0.009770157295643789,0.9902298427043469,9.1787428632073e-21,1.9877216304228277e-21,3.633859646677554e-27,2.2956375663828764e-27,7.935888295016112e-15,0.8435630401063594
77,22026.465794806718,24.104655885558376,23.1276389929965,1e-06,1e-06,1991.12861439111,6.280119221723315,2.420775037046472,34.99757279560948,227.93482954567042,1.0146976965353526e-183,6.523599154530866e-119,0.1019420505462047,0.02554645874310942,0.3650408328104757,0.009055767009417567,1.273934423321716e-189,4.1147513333200784e-196,0.49841489089079266,0.890450054884742
78,22026.465794806718,33.47867236554134,1884.4050570620682,1e-06,2288.3006524792013,1252.5484843153113,1124.437474758386,1.0000000003624394e-06,60.750522033548044,268.98435776345417,1.8343532958589595e-200,0.43932754114446654,0.004434166346706088,0.33800114516685026,0.15596911257052984,0.001215579569780816,5.444267673019499e-277,1.1622890582423493e-282,0.06105245520166637,0.8610191925876902
79,22026.465794806718,7.8507177503565995,0.7363680966854892,1.000003516523451e-06,49.58178842978687,0.9339594082341388,8.265131328097267,2.6712458507097288,4.456414968980672,2.260304121932324,2.4631448420844558e-33,6.271710418712049e-22,0.04762396635495942,0.9523760336450405,3.258737065647205e-22,6.535104217730067e-19,1.8195391920562965e-26,6.081832759539344e-29,1.7449536411240386e-22,0.8702290076335878
80,22026.465794806718,2.0039653975265455,7.581179725393975,1e-06,6.976203041866585,33.90228459693056,5.016806237827888,15.728259141631684,0.25903908909299467,70.4659555925507,2.6874232863676624e-18,0.720481913107967,0.029755547285074867,5.3841116988217496e-06,0.009651563396328833,2.180330687498127e-13,4.426699418814826e-21,1.3534599609254703e-20,0.2401055920987123,0.8710809033106774
81,22026.465794806718,16.586733995096886,71.05340009295789,1e-06,0.8864623117041835,61.866380980452455,10.75104633840818,1.9173426606483477,2.9491763687784203,162.89889103095854,2.1437199995589463e-51,7.940480737921316e-14,0.07445058942513966,5.968813683273069e-22,0.2721592586697316,9.036948168617809e-17,4.063919815389254e-37,3.9619421835512754e-45,0.6533901519050491,0.8877952755905512
82,22026.465794806718,16.190943006355027,1.035743265871756e-06,1e-06,280.0160286969594,180.78285964783288,23.415540967405384,7.9659722258618215,12.660394118239212,5.490882570373411,2.8997189257678726e-86,1.0079850580298445e-53,0.012195760338842008,0.9642158040523259,0.02358843560883211,1.2378737880929821e-53,7.12370268722226e-76,2.4160081485649583e-90,6.183194538643043e-59,0.8936636702477527
83,22026.465794806718,12.20711096940102,34.577615180969765,151.99160682173328,1e-06,88.13589259495474,16.63823086765384,0.3137288863645921,3.5463456677391227,35.548066574050395,1.6257777308156664e-57,5.907745122131963e-34,0.9969517369113896,0.00018074349532163587,0.002867519593288703,2.3376532582396814e-32,3.184001091344648e-53,8.177624514048935e-56,1.1662617543048087e-32,0.8326788830715532
84,22026.465794806718,36.447719520923094,2.6052177165180392,1e-06,1e-06,1e-06,597.1797177210779,13.877683240527515,4.095894036232981,82.59215251490065,2.6823499200070358e-70,1.0195672772309964e-23,0.05466907891925327,0.019723575752081737,0.0008409329668127895,0.00023155508631318955,3.502548521846621e-51,4.395457023058023e-56,0.9245348572755391,0.9186477644492912
85,22026.465794806718,104.86643663461781,998.1358199522274,1e-06,2023.6971111023583,2264.007019269302,77.9445340076207,97.53305643185358,114.39062660068026,289.47348137321836,0.0,0.3786889469453691,0.008264666055231849,0.5131337502870255,0.09991263671237365,0.0,0.0,0.0,0.0,0.8543817263342851
86,22026.465794806718,17.48445139238217,38.37826912202165,288.8203663584947,1e-06,22.963507344489532,1e-06,8.113312049613844,17.360351506911424,147.8401652288771,9.696238954802999e-93,1.1079098159106925e-13,0.9899905832722519,0.000707908691130611,1.8995836340968756e-30,0.0003112420876820517,4.545452724844051e-77,1.7072467550939018e-80,0.008990265948824608,0.7915757311217809
87,22026.465794806718,26.147375712186612,0.0014755672822448988,1e-06,453.1282900091179,249.10908029067704,0.08697718262900019,2.0830033766347147,7.375917092718935,17.00526506529047,6.151751405147219e-124,3.614881463052579e-66,0.03927720874454975,0.8970972867468833,0.06362550450856702,1.17433567987239e-80,4.586577349708122e-104,9.461716968982792e-117,2.796035886941952e-59,0.8625354571241545
88,22026.465794806718,2.448848790620479,0.3689435911571747,1.0000071662525398e-06,9.261803759320529,5.223650341264688,34.691743600522116,3.339998866504616,2.0859806343333167,5.707886643721479,5.219017991829688e-18,1.4478415270526496e-11,0.008782455696346132,0.7248085250772839,3.993566477716163e-10,0.26640901859193716,4.2500902834242625e-17,2.656774576955291e-16,2.2059741066388268e-10,0.8354485776805252
89,22026.465794806718,0.9966112314312804,6.8181623499313595,1.6146444855154755e-06,8.218920398882624,8.45370647640064,56.02151936393152,0.11742567639594535,4.807098876412393,12.492042715362059,7.514584414002454e-17,1.7326975413540135e-17,0.022884356310439013,0.8303215493258524,0.14534150472380009,0.001452589639907875,4.155822787668033e-23,1.3864089359911832e-17,1.147043733611089e-16,0.8630316248636859
90,22026.465794806718,16.004565953026116,84.48033910795183,1e-06,285.05477699286706,100.34283297451584,17.526794335728827,13.410177482641398,6.177338551154791,0.8250355239927376,2.413673273187921e-71,0.4175931647199091,2.0164067876364048e-20,0.5454796628949194,0.03692717238517145,5.647293876270321e-54,3.9518799093037745e-64,5.032561389504282e-67,9.929638688207956e-57,0.8338077512590322
91,22026.465794806718,2.695387789575203,1.7605510445091543,1.000000000000003e-06,196.09842328622574,128.28711460932385,7.236054748393605,1.530515239411121,2.9958342613050597,19.822436962230316,1.3155579449450588e-19,2.280551988093763e-14,0.027080968953527674,0.614363699582715,0.17399282276152536,0.18456250792293422,4.5028457860391e-20,1.8032221442894557e-19,7.792749958274541e-10,0.8323826239578762
92,22026.465794806718,0.8722256474473954,5.297702482978792,1.045373257321987e-06,6.692236239308967,4.699988779092494,35.81171712282322,3.8262187280674316,2.3150146373336558,8.420348472175784,8.200309550047812e-14,0.5184348573847866,0.03931004661884593,0.44216523136914654,9.913729902375848e-08,8.972748396155596e-05,1.1137566126041712e-14,3.675062823741918e-17,3.800586725433371e-08,0.8514635211882918
93,22026.465794806718,4.5554680541106685e-06,1e-06,1e-06,4344.274727192901,1236.1232341491877,1e-06,4.542562451997458,62.0610466481413,597.4103384420458,3.2688700717112103e-261,0.004214722061227094,0.006436240397007924,0.8250134282677023,0.06534701222955157,1.8321198055432393e-209,1.49858358133e-313,2.8014461075058857e-273,0.09898859704451123,0.8804824561403509
94,22026.465794806718,2.6758290335437875,5.7175030714005475,1.0001829365984865e-06,4.0832260414288215e-06,2.0243011768483914,1.3249438768399773,1.124684866305081,2.4742157376762606,5.075096276922496,1.7882913498447667e-13,0.8856560879219779,0.10162690824509797,0.012712264136770565,5.696341759654267e-11,1.443529099934291e-10,3.0350664515407105e-13,1.0975452459912418e-12,4.739493257424321e-06,0.8620765027322405
95,22026.465794806718,11.310504055142921,190.62534268682825,1e-06,32.51684729476697,15.194363108433517,13.593625377176512,1.078000061349243,6.7113931390212915,188.33080877660944,1.0944835491219448e-62,0.5379264666541158,0.022056130449964708,6.123784828945742e-23,9.499777026535368e-53,1.0896981858213656e-41,8.844355111614464e-57,4.667567355092871e-59,0.4400174028959194,0.894437144108629
96,22026.465794806718,5.710826620701208,4.178259256529035,1.000065419711229e-06,1.0007193004562479e-06,55.97995664947865,7.226355932367082,3.215431993392141,3.6966483837503095,9.296682769292486,4.2183290651950025e-19,5.985945498419148e-10,0.08989914506227066,0.06155605379590863,0.8485443377875402,2.1302529254492594e-10,8.057686067028913e-19,2.3562789576745454e-18,4.6254266081413797e-07,0.8692868182821815
97,22026.465794806718,2.315393101580299,7.137532885887915,1.0000000044889525e-06,1e-06,94.15269991332252,29.258716389613948,3.9145301450841217,2.1367468537723813,16.471149085485717,9.227659956122637e-13,0.1545158704331921,0.03505804559895028,0.013791464160312433,0.7828198037553272,0.013814816046809723,1.5733306628095953e-13,9.976217734535142e-14,4.228277826495606e-12,0.8504918032786886
98,22026.465794806718,5.038642177459181,46.172890789641954,1e-06,1e-06,74.79693564345382,9.312518152972507,5.060659150777264,2.843012161023485,22.631602382551183,3.4736136409979714e-31,0.7457898755465509,0.14761233441928442,0.019590075841545658,0.08700771418657001,2.345077245254455e-21,9.43462109852772e-30,2.328982385875468e-30,6.048977550322326e-12,0.8803921568627451
99,22026.465794806718,3.5756059565914673,64.72570651651753,1.0000000000000393e-06,7.293238043294708,0.8710450729539804,115.48321952491412,0.16892133737244308,3.0470884676160694,91.7821521959998,3.8415383074063595e-15,0.22025271982601985,0.02693931596620526,0.5219497742578869,6.797666228812626e-09,0.016608237142484168,2.1180454496920254e-13,2.5653607903619576e-15,0.21424994600951952,0.873769415882739
