displacement,cylinders,horsepower,weight,acceleration,model_year,origin,y_rank
1.077289557862118,1.483947024779763,0.6641327329009119,0.6205403388964199,-1.285258003359191,-1.625315334018757,-0.7166410451853079,2
1.488731690146926,1.483947024779763,1.574594473048845,0.8433340324253286,-1.4667236197389644,-1.625315334018757,-0.7166410451853079,1
1.1825421963535805,1.483947024779763,1.1843965844140165,0.5403817613304633,-1.648189236118738,-1.625315334018757,-0.7166410451853079,2
1.048584292818992,1.483947024779763,1.1843965844140165,0.5368453534966711,-1.285258003359191,-1.625315334018757,-0.7166410451853079,2
1.029447449456908,1.483947024779763,0.9242646586574642,0.5557061952768962,-1.8296548524985115,-1.625315334018757,-0.7166410451853079,2
2.244637002949248,1.483947024779763,2.4330298280454676,1.6071981245244442,-2.0111204688782847,-1.625315334018757,-0.7166410451853079,1
2.483847544975299,1.483947024779763,3.0053200647098826,1.6225225584708771,-2.374051701637832,-1.625315334018757,-0.7166410451853079,1
2.3498896414407104,1.483947024779763,2.8752541018316062,1.5730128487977861,-2.555517318017605,-1.625315334018757,-0.7166410451853079,1
2.4934159666563414,1.483947024779763,3.135386027588159,1.7062175438706257,-2.0111204688782847,-1.625315334018757,-0.7166410451853079,1
1.871468557388608,1.483947024779763,2.2249242874402255,1.028406042393787,-2.555517318017605,-1.625315334018757,-0.7166410451853079,1
1.8044896056213138,1.483947024779763,1.7046604359271211,0.6900896929609999,-2.0111204688782847,-1.625315334018757,-0.7166410451853079,1
1.3930474733365057,1.483947024779763,1.4445285101705687,0.7443146130791469,-2.736982934397379,-1.625315334018757,-0.7166410451853079,1
1.9671527741990287,1.483947024779763,1.1843965844140165,0.9234926099912851,-2.1925860852580583,-1.625315334018757,-0.7166410451853079,1
2.4934159666563414,1.483947024779763,3.135386027588159,0.12780084738803976,-2.0111204688782847,-1.625315334018757,-0.7166410451853079,1
-0.7789842482600394,-0.8640135552955837,-0.24632900724702114,-0.7138642170545042,-0.1964643050805502,-1.625315334018757,1.769405766430982,4
0.034331594628534745,0.30996673474208963,-0.24632900724702114,-0.17043621326176925,-0.01499868870077675,-1.625315334018757,-0.7166410451853079,3
0.043900016309576795,0.30996673474208963,-0.19430262209571067,-0.2399855673263492,-0.01499868870077675,-1.625315334018757,-0.7166410451853079,2
0.053468437990618845,0.30996673474208963,-0.5064609330035734,-0.4604216556327298,0.1664669276789967,-1.625315334018757,-0.7166410451853079,3
-0.9320789951567122,-0.8640135552955837,-0.42842135527660774,-0.9991344489804085,-0.37792992146032367,-1.625315334018757,1.769405766430982,5
-0.9320789951567122,-0.8640135552955837,-1.5209754434541274,-1.3468812193033084,1.7996574750969578,-1.625315334018757,0.526382360622837,4
-0.8076895133031655,-0.8640135552955837,-0.45443454785226295,-0.3602234336752841,0.7108637768183171,-1.625315334018757,0.526382360622837,4
-0.8363947783462917,-0.8640135552955837,-0.37639497012529727,-0.6454936656011884,-0.37792992146032367,-1.625315334018757,0.526382360622837,4
-0.8651000433894178,-0.8640135552955837,-0.24632900724702114,-0.710327809220712,0.7108637768183171,-1.625315334018757,0.526382360622837,4
-0.702436874811703,-0.8640135552955837,0.221908459114773,-0.8765389774089455,-1.1037923869794175,-1.625315334018757,0.526382360622837,4
0.043900016309576795,0.30996673474208963,-0.37639497012529727,-0.3885146963456217,-0.1964643050805502,-1.625315334018757,-0.7166410451853079,3
1.5844159069573467,1.483947024779763,2.8752541018316062,1.9301900400107985,-0.5593955378400971,-1.625315334018757,-0.7166410451853079,1
1.077289557862118,1.483947024779763,2.485056213196778,1.6484562159186866,-0.1964643050805502,-1.625315334018757,-0.7166410451853079,1
1.1825421963535805,1.483947024779763,2.7451881389533304,1.655529031586271,-0.7408611542198706,-1.625315334018757,-0.7166410451853079,1
1.048584292818992,1.483947024779763,2.3029638651671913,2.0681099455286946,1.0737950095778641,-1.625315334018757,-0.7166410451853079,1
-0.9320789951567122,-0.8640135552955837,-0.42842135527660774,-0.9991344489804085,-0.37792992146032367,-1.3535049197971902,1.769405766430982,5
-0.520636862871904,-0.8640135552955837,-0.37639497012529727,-0.8411748990710235,-0.01499868870077675,-1.3535049197971902,-0.7166410451853079,5
-0.7789842482600394,-0.8640135552955837,-0.24632900724702114,-0.8836117930765299,-0.5593955378400971,-1.3535049197971902,1.769405766430982,4
0.3596579317839644,0.30996673474208963,-0.11626304436874499,-0.4050179329033186,-0.9223267705996441,-1.3535049197971902,-0.7166410451853079,3
0.29267898001667003,0.30996673474208963,0.013802918509531165,0.5439181691642555,-0.01499868870077675,-1.3535049197971902,-0.7166410451853079,2
0.5318895220427213,0.30996673474208963,-0.11626304436874499,0.4142498819252081,-0.01499868870077675,-1.3535049197971902,-0.7166410451853079,2
0.5318895220427213,0.30996673474208963,-0.42842135527660774,0.3824222114210783,-0.01499868870077675,-1.3535049197971902,-0.7166410451853079,3
0.3596579317839644,0.30996673474208963,-0.11626304436874499,0.3659189748633814,-0.01499868870077675,-1.3535049197971902,-0.7166410451853079,2
1.488731690146926,1.483947024779763,1.574594473048845,1.4515961798375874,-1.285258003359191,-1.3535049197971902,-0.7166410451853079,1
1.9671527741990287,1.483947024779763,1.8347263988053972,1.7521908457099244,-1.4667236197389644,-1.3535049197971902,-0.7166410451853079,1
1.4983001118279682,1.483947024779763,1.262436162140982,1.3867620362180637,-0.7408611542198706,-1.3535049197971902,-0.7166410451853079,1
1.1825421963535805,1.483947024779763,1.1843965844140165,1.3183914847647478,-0.9223267705996441,-1.3535049197971902,-0.7166410451853079,1
1.8044896056213138,1.483947024779763,1.9647923616836733,2.3309829278405814,-1.4667236197389644,-1.3535049197971902,-0.7166410451853079,1
1.9671527741990287,1.483947024779763,1.7046604359271211,2.0846131820863913,-1.285258003359191,-1.3535049197971902,-0.7166410451853079,1
1.9671527741990287,1.483947024779763,1.8347263988053972,2.549061410924434,-1.285258003359191,-1.3535049197971902,-0.7166410451853079,1
0.6084368954910576,0.30996673474208963,0.14386888138780732,-0.01837067640870457,-0.7408611542198706,-1.3535049197971902,-0.7166410451853079,2
-0.520636862871904,-0.8640135552955837,-0.8446324364870914,-0.6714273230489979,1.2552606259576375,-1.3535049197971902,-0.7166410451853079,3
0.5318895220427213,0.30996673474208963,-0.11626304436874499,0.35884615919579693,-0.1964643050805502,-1.3535049197971902,-0.7166410451853079,3
0.5318895220427213,0.30996673474208963,-0.42842135527660774,0.19027738578503534,-0.37792992146032367,-1.3535049197971902,-0.7166410451853079,2
-0.6928684531306609,-0.8640135552955837,-0.4804477404279182,-0.8930422139666425,-0.5593955378400971,-1.3535049197971902,-0.7166410451853079,4
-0.7502789832169132,-0.8640135552955837,-0.37639497012529727,-1.007386067259257,-0.5593955378400971,-1.3535049197971902,0.526382360622837,5
-1.1043105854154691,-0.8640135552955837,-0.8966588216384018,-1.0651473952111963,1.436726242337411,-1.3535049197971902,0.526382360622837,5
-1.0181947902860906,-0.8640135552955837,-0.7405796661844705,-1.0757566187125729,-0.37792992146032367,-1.3535049197971902,0.526382360622837,5
-1.1808579588638055,-0.8640135552955837,-1.026724784516678,-1.4199669812016806,1.2552606259576375,-1.3535049197971902,1.769405766430982,5
-1.1712895371827634,-0.8640135552955837,-0.9226720142140571,-1.6085753990039313,0.8923293931980906,-1.3535049197971902,1.769405766430982,6
-0.9320789951567122,-0.8640135552955837,-1.1567907473949541,-1.3480600219145724,1.2552606259576375,-1.3535049197971902,0.526382360622837,5
-0.9894895252429645,-0.8640135552955837,-0.8966588216384018,-1.2054249059516202,1.7996574750969578,-1.3535049197971902,-0.7166410451853079,4
-0.7789842482600394,-0.8640135552955837,-0.24632900724702114,-0.8246716625133266,-0.01499868870077675,-1.0816945055756237,1.769405766430982,4
-0.9272947843161912,-0.8640135552955837,-0.6365268958818496,-1.003849659425465,0.5293981604385436,-1.0816945055756237,-0.7166410451853079,4
-0.9320789951567122,-0.8640135552955837,-1.3128699028488855,-0.8529629251836642,2.8884511733755986,-1.0816945055756237,0.526382360622837,4
-0.520636862871904,-0.8640135552955837,-0.37639497012529727,-0.6714273230489979,1.436726242337411,-1.0816945055756237,-0.7166410451853079,3
-0.6928684531306609,-0.8640135552955837,-0.4804477404279182,-0.8859693982990581,0.34793254405877017,-1.0816945055756237,-0.7166410451853079,3
1.488731690146926,1.483947024779763,1.574594473048845,1.5282183495697517,-1.285258003359191,-1.0816945055756237,-0.7166410451853079,1
1.9671527741990287,1.483947024779763,1.8347263988053972,1.6590654394200632,-1.285258003359191,-1.0816945055756237,-0.7166410451853079,1
1.1825421963535805,1.483947024779763,1.1843965844140165,1.3643647866040463,-0.7408611542198706,-1.0816945055756237,-0.7166410451853079,1
1.4983001118279682,1.483947024779763,1.262436162140982,1.357291970936462,-0.9223267705996441,-1.0816945055756237,-0.7166410451853079,1
1.048584292818992,1.483947024779763,1.1843965844140165,0.8185791775887832,-1.4667236197389644,-1.0816945055756237,-0.7166410451853079,2
2.244637002949248,1.483947024779763,2.69316175380202,1.9514084870135517,-1.648189236118738,-1.0816945055756237,-0.7166410451853079,1
1.488731690146926,1.483947024779763,1.3144625472922926,1.796985344937959,-0.7408611542198706,-1.0816945055756237,-0.7166410451853079,1
1.488731690146926,1.483947024779763,1.4445285101705687,1.7427604248198119,-0.7408611542198706,-1.0816945055756237,-0.7166410451853079,1
1.9671527741990287,1.483947024779763,2.2249242874402255,1.7026811360368337,-1.1037923869794175,-1.0816945055756237,-0.7166410451853079,1
-1.1904263805448474,-1.4510037003144203,-0.19430262209571067,-0.7633739267275951,-0.7408611542198706,-1.0816945055756237,1.769405766430982,3
1.048584292818992,1.483947024779763,1.1843965844140165,1.077915752066878,-1.1037923869794175,-1.0816945055756237,-0.7166410451853079,1
1.077289557862118,1.483947024779763,0.6641327329009119,1.3207490899872758,-0.5593955378400971,-1.0816945055756237,-0.7166410451853079,1
1.029447449456908,1.483947024779763,0.9242646586574642,1.551794401795033,0.1664669276789967,-1.0816945055756237,-0.7166410451853079,1
1.1825421963535805,1.483947024779763,1.1843965844140165,1.2959942351507305,-0.5593955378400971,-1.0816945055756237,-0.7166410451853079,1
-0.702436874811703,-0.8640135552955837,0.19589526653911776,-0.05255595213536252,-0.37792992146032367,-1.0816945055756237,0.526382360622837,2
-0.702436874811703,-0.8640135552955837,-0.7405796661844705,-0.5500106540887989,0.8923293931980906,-1.0816945055756237,0.526382360622837,3
-0.712005296492745,-0.8640135552955837,-0.45443454785226295,0.0016689679827845741,1.436726242337411,-1.0816945055756237,0.526382360622837,3
-0.9416474168377542,-0.8640135552955837,-0.9226720142140571,-0.9295850949158285,0.8923293931980906,-1.0816945055756237,0.526382360622837,4
-0.6928684531306609,-0.8640135552955837,-0.4804477404279182,-0.6867517569954307,0.1664669276789967,-1.0816945055756237,-0.7166410451853079,3
-0.9320789951567122,-0.8640135552955837,-0.3243685849739868,-0.812883636400686,0.5293981604385436,-1.0816945055756237,1.769405766430982,5
-0.712005296492745,-0.8640135552955837,-0.19430262209571067,-0.5559046671451192,-0.37792992146032367,-1.0816945055756237,1.769405766430982,4
-0.9225105734756701,-0.8640135552955837,-0.6365268958818496,-0.9590551601974302,-0.1964643050805502,-1.0816945055756237,-0.7166410451853079,5
-0.9320789951567122,-0.8640135552955837,-0.42842135527660774,-1.0344985273183305,0.34793254405877017,-1.0816945055756237,1.769405766430982,5
1.488731690146926,1.483947024779763,1.8347263988053972,1.323106695209804,-0.9223267705996441,-0.809884091354057,-0.7166410451853079,1
1.048584292818992,1.483947024779763,1.1843965844140165,0.8185791775887832,-1.4667236197389644,-0.809884091354057,-0.7166410451853079,1
1.488731690146926,1.483947024779763,1.0543306215357404,1.1910808027482285,-0.9223267705996441,-0.809884091354057,-0.7166410451853079,1
1.029447449456908,1.483947024779763,0.8462250809304985,1.2547361437564881,-0.37792992146032367,-0.809884091354057,-0.7166410451853079,1
1.1825421963535805,1.483947024779763,1.1843965844140165,0.9423534517715102,-1.1037923869794175,-0.809884091354057,-0.7166410451853079,1
2.244637002949248,1.483947024779763,2.4330298280454676,2.3274465200067893,-1.4667236197389644,-0.809884091354057,-0.7166410451853079,1
1.9671527741990287,1.483947024779763,1.1843965844140165,1.7521908457099244,-1.285258003359191,-0.809884091354057,-0.7166410451853079,1
1.4983001118279682,1.483947024779763,1.3925021250192584,1.6331317819722537,-0.9223267705996441,-0.809884091354057,-0.7166410451853079,1
1.1825421963535805,1.483947024779763,1.1843965844140165,1.4846026529529812,-0.37792992146032367,-0.809884091354057,-0.7166410451853079,1
2.3498896414407104,1.483947024779763,2.8752541018316062,2.0716463533624867,-1.648189236118738,-0.809884091354057,-0.7166410451853079,1
2.4934159666563414,1.483947024779763,3.135386027588159,2.3262677173955253,-1.648189236118738,-0.809884091354057,-0.7166410451853079,1
1.5844159069573467,1.483947024779763,1.8347263988053972,0.9942207666671292,-1.648189236118738,-0.809884091354057,-0.7166410451853079,1
0.29267898001667003,0.30996673474208963,0.013802918509531165,0.16905893878228212,0.34793254405877017,-0.809884091354057,-0.7166410451853079,2
0.5318895220427213,0.30996673474208963,-0.11626304436874499,0.3541309487507407,0.8923293931980906,-0.809884091354057,-0.7166410451853079,2
0.3596579317839644,0.30996673474208963,-0.11626304436874499,-0.038410320800193715,0.1664669276789967,-0.809884091354057,-0.7166410451853079,2
0.5318895220427213,0.30996673474208963,-0.42842135527660774,0.0511786776558754,0.34793254405877017,-0.809884091354057,-0.7166410451853079,2
0.034331594628534745,0.30996673474208963,-0.24632900724702114,-0.08674122786202047,0.1664669276789967,-0.809884091354057,-0.7166410451853079,4
-0.9320789951567122,-0.8640135552955837,-1.5209754434541274,-1.2113189190079405,1.9811230914767313,-0.809884091354057,0.526382360622837,4
1.9671527741990287,1.483947024779763,1.1843965844140165,2.3804926375136723,-0.5593955378400971,-0.809884091354057,-0.7166410451853079,1
1.9671527741990287,1.483947024779763,1.6266208582001553,2.2732215998886423,-1.1037923869794175,-0.809884091354057,-0.7166410451853079,1
1.5844159069573467,1.483947024779763,1.7046604359271211,1.9761633418500972,-0.9223267705996441,-0.809884091354057,-0.7166410451853079,1
1.488731690146926,1.483947024779763,1.9647923616836733,1.7934489371041669,-1.1037923869794175,-0.809884091354057,-0.7166410451853079,1
0.3596579317839644,0.30996673474208963,-0.11626304436874499,-0.2223035281573882,-0.1964643050805502,-0.809884091354057,-0.7166410451853079,2
-0.9320789951567122,-0.8640135552955837,-0.42842135527660774,-0.8234928599020626,1.2552606259576375,-0.809884091354057,1.769405766430982,3
-0.520636862871904,-0.8640135552955837,-0.8446324364870914,-0.6796789413278463,1.436726242337411,-0.809884091354057,-0.7166410451853079,3
-0.8268263566652496,-0.8640135552955837,-0.2723421998226764,-0.7056125987756557,0.34793254405877017,-0.809884091354057,1.769405766430982,3
-1.1904263805448474,-1.4510037003144203,-0.37639497012529727,-1.006207264647993,-0.7408611542198706,-0.809884091354057,1.769405766430982,2
-0.6928684531306609,-0.8640135552955837,-0.5064609330035734,-0.7869499789528764,1.0737950095778641,-0.809884091354057,-0.7166410451853079,3
-0.37711053765627334,0.30996673474208963,0.06582930366084162,-0.5959839559280975,-0.5593955378400971,-0.809884091354057,-0.7166410451853079,3
-0.9225105734756701,-0.8640135552955837,-0.37639497012529727,-0.8399960964597595,-0.01499868870077675,-0.809884091354057,0.526382360622837,4
1.488731690146926,1.483947024779763,1.0543306215357404,1.3018882482070508,-0.9223267705996441,-0.809884091354057,-0.7166410451853079,1
1.9671527741990287,1.483947024779763,3.2654519904664348,1.532933560014808,-2.1925860852580583,-0.809884091354057,-0.7166410451853079,2
-1.2095632239069316,-0.8640135552955837,-1.4429358657271618,-1.3091595357428583,1.436726242337411,-0.809884091354057,0.526382360622837,5
-0.7502789832169132,-0.8640135552955837,-0.7665928587601257,-0.9661279758650146,-0.01499868870077675,-0.809884091354057,0.526382360622837,4
-0.7694158265789973,-0.8640135552955837,-0.35038177754964206,-0.4663156686890501,-0.5593955378400971,-0.809884091354057,0.526382360622837,3
-0.702436874811703,-0.8640135552955837,0.19589526653911776,-0.1291781218675269,-0.01499868870077675,-0.809884091354057,0.526382360622837,3
1.1825421963535805,1.483947024779763,1.1843965844140165,0.49676606471369283,-1.648189236118738,-0.809884091354057,-0.7166410451853079,1
-0.702436874811703,-0.8640135552955837,0.14386888138780732,-0.37436906501045286,-0.5593955378400971,-0.809884091354057,0.526382360622837,4
-0.3675421159752313,0.30996673474208963,0.45602719229567007,-0.201085081154635,-0.7408611542198706,-0.809884091354057,1.769405766430982,3
1.488731690146926,1.483947024779763,1.9647923616836733,0.8091487566986707,-1.648189236118738,-0.809884091354057,-0.7166410451853079,1
0.034331594628534745,0.30996673474208963,-0.24632900724702114,0.14666168916826486,0.34793254405877017,-0.5380736771324903,-0.7166410451853079,3
0.3596579317839644,0.30996673474208963,-0.11626304436874499,-0.09027763569581267,0.1664669276789967,-0.5380736771324903,-0.7166410451853079,3
0.5318895220427213,0.30996673474208963,-0.11626304436874499,0.4225015002040566,0.5293981604385436,-0.5380736771324903,-0.7166410451853079,1
-1.1043105854154691,-0.8640135552955837,-0.9746983993653676,-1.2113189190079405,1.2552606259576375,-0.5380736771324903,1.769405766430982,5
-0.6928684531306609,-0.8640135552955837,-0.6365268958818496,-0.620738810764643,0.34793254405877017,-0.5380736771324903,-0.7166410451853079,4
-1.1808579588638055,-0.8640135552955837,-1.026724784516678,-1.3457024166920444,1.9811230914767313,-0.5380736771324903,1.769405766430982,6
-0.520636862871904,-0.8640135552955837,-0.7665928587601257,-0.5134677731396128,0.5293981604385436,-0.5380736771324903,-0.7166410451853079,4
0.5318895220427213,0.30996673474208963,-0.11626304436874499,0.9470686622165665,0.5293981604385436,-0.5380736771324903,-0.7166410451853079,2
0.6084368954910576,0.30996673474208963,0.14386888138780732,0.7714270731382205,0.8923293931980906,-0.5380736771324903,-0.7166410451853079,2
0.29267898001667003,0.30996673474208963,0.013802918509531165,0.7490298235242032,0.34793254405877017,-0.5380736771324903,-0.7166410451853079,2
1.029447449456908,1.483947024779763,0.9242646586574642,1.3714376022716308,-0.5593955378400971,-0.5380736771324903,-0.7166410451853079,2
1.488731690146926,1.483947024779763,1.1843965844140165,2.0292094593569803,-0.37792992146032367,-0.5380736771324903,-0.7166410451853079,1
1.1825421963535805,1.483947024779763,1.1843965844140165,1.7439392274310759,-0.7408611542198706,-0.5380736771324903,-0.7166410451853079,1
1.029447449456908,1.483947024779763,0.9242646586574642,1.957302500069872,0.1664669276789967,-0.5380736771324903,-0.7166410451853079,1
1.048584292818992,1.483947024779763,1.1843965844140165,1.5081787051782625,-0.01499868870077675,-0.5380736771324903,-0.7166410451853079,1
-0.9225105734756701,-0.8640135552955837,-0.5584873181548838,-0.8942210165779065,0.34793254405877017,-0.5380736771324903,0.526382360622837,5
-1.1043105854154691,-0.8640135552955837,-0.9746983993653676,-1.1959944850615079,-0.01499868870077675,-0.5380736771324903,0.526382360622837,4
-0.9320789951567122,-0.8640135552955837,-0.68855328103316,-0.7987380050655171,-0.37792992146032367,-0.5380736771324903,0.526382360622837,4
-1.1330158504585952,-0.8640135552955837,-1.364896288000196,-1.5661385049984249,0.34793254405877017,-0.5380736771324903,1.769405766430982,5
-1.066036898691301,-0.8640135552955837,-1.1307775548192989,-1.1488423806109451,1.2552606259576375,-0.5380736771324903,1.769405766430982,6
-0.9990579469240065,-0.8640135552955837,-0.7665928587601257,-1.005028462036729,-0.37792992146032367,-0.5380736771324903,-0.7166410451853079,5
-0.9990579469240065,-0.8640135552955837,-0.7665928587601257,-1.025068106428218,-0.01499868870077675,-0.5380736771324903,0.526382360622837,4
-0.7502789832169132,-0.8640135552955837,-0.7665928587601257,-0.8623933460737767,-0.5593955378400971,-0.5380736771324903,0.526382360622837,4
-0.712005296492745,-0.8640135552955837,-0.19430262209571067,-0.5759443115366084,-0.1964643050805502,-0.5380736771324903,1.769405766430982,4
-0.8268263566652496,-0.8640135552955837,-0.2983553923983316,-0.691466967440487,-0.01499868870077675,-0.5380736771324903,1.769405766430982,4
-1.1043105854154691,-0.8640135552955837,-0.9746983993653676,-1.1523787884447372,0.1664669276789967,-0.5380736771324903,0.526382360622837,5
0.29267898001667003,0.30996673474208963,-0.24632900724702114,0.3376277121930437,0.1664669276789967,-0.2662632629109237,-0.7166410451853079,3
0.5318895220427213,0.30996673474208963,0.013802918509531165,0.5674942213895369,0.1664669276789967,-0.2662632629109237,-0.7166410451853079,2
0.5318895220427213,0.30996673474208963,-0.8446324364870914,0.535666550885407,1.9811230914767313,-0.2662632629109237,-0.7166410451853079,1
0.5318895220427213,0.30996673474208963,-0.8446324364870914,0.21267463539905263,1.436726242337411,-0.2662632629109237,-0.7166410451853079,1
1.9671527741990287,1.483947024779763,1.7046604359271211,1.9926665784077942,-1.4667236197389644,-0.2662632629109237,-0.7166410451853079,2
1.488731690146926,1.483947024779763,1.0543306215357404,1.723899583039587,-0.5593955378400971,-0.2662632629109237,-0.7166410451853079,1
1.1825421963535805,1.483947024779763,1.1843965844140165,1.7922701344929028,-0.37792992146032367,-0.2662632629109237,-0.7166410451853079,2
1.4983001118279682,1.483947024779763,1.132370199262706,1.9796997496838895,-0.7408611542198706,-0.2662632629109237,-0.7166410451853079,1
0.35008951010292233,0.30996673474208963,0.14386888138780732,1.095597791235839,1.9811230914767313,-0.2662632629109237,-0.7166410451853079,2
0.5318895220427213,0.30996673474208963,0.013802918509531165,1.0838097651231984,1.0737950095778641,-0.2662632629109237,-0.7166410451853079,2
0.6084368954910576,0.30996673474208963,0.14386888138780732,0.8869497290420991,1.2552606259576375,-0.2662632629109237,-0.7166410451853079,1
0.29267898001667003,0.30996673474208963,-0.24632900724702114,0.9517838726616228,1.2552606259576375,-0.2662632629109237,-0.7166410451853079,2
0.35008951010292233,0.30996673474208963,0.14386888138780732,0.0723971246586286,-0.1964643050805502,-0.2662632629109237,-0.7166410451853079,3
0.6467105822152258,1.483947024779763,0.14386888138780732,0.2869391999086888,-0.7408611542198706,-0.2662632629109237,-0.7166410451853079,3
1.029447449456908,1.483947024779763,0.6381195403252566,0.22564146412295735,-1.285258003359191,-0.2662632629109237,-0.7166410451853079,1
-0.9320789951567122,-0.8640135552955837,-0.7665928587601257,-0.9508035419185817,0.1664669276789967,-0.2662632629109237,1.769405766430982,5
-0.520636862871904,-0.8640135552955837,-0.5584873181548838,-0.3991239198469983,0.5293981604385436,-0.2662632629109237,-0.7166410451853079,4
0.3596579317839644,0.30996673474208963,-0.11626304436874499,-0.07495320174937979,0.1664669276789967,-0.2662632629109237,-0.7166410451853079,3
-0.520636862871904,-0.8640135552955837,-0.68855328103316,-0.45452764257640943,1.0737950095778641,-0.2662632629109237,-0.7166410451853079,4
-0.5780473929581563,-0.8640135552955837,-0.2203158146713659,-0.32485935533736204,-0.7408611542198706,-0.2662632629109237,1.769405766430982,4
-0.9990579469240065,-0.8640135552955837,-0.8706456290627467,-0.8895058061328502,0.34793254405877017,-0.2662632629109237,0.526382360622837,4
-0.7215737181737871,-0.8640135552955837,-0.19430262209571067,-0.5099313653058206,0.5293981604385436,-0.2662632629109237,1.769405766430982,4
-0.22401579075960057,0.30996673474208963,-0.19430262209571067,0.00756298103910491,-0.37792992146032367,-0.2662632629109237,-0.7166410451853079,2
-0.9990579469240065,-0.8640135552955837,-0.8966588216384018,-1.2266433529543734,-0.5593955378400971,-0.2662632629109237,0.526382360622837,5
0.3596579317839644,0.30996673474208963,-0.37639497012529727,0.2751511737960482,0.5293981604385436,-0.2662632629109237,-0.7166410451853079,3
-0.7598474048979553,-0.8640135552955837,-0.24632900724702114,-0.3342897762274746,-0.1964643050805502,-0.2662632629109237,0.526382360622837,4
-0.712005296492745,-0.8640135552955837,-0.42842135527660774,-0.024264689465024906,0.5293981604385436,-0.2662632629109237,0.526382360622837,4
-0.702436874811703,-0.8640135552955837,-0.16828942952005543,-0.038410320800193715,-0.37792992146032367,-0.2662632629109237,0.526382360622837,3
-0.702436874811703,-0.8640135552955837,0.27393484426608344,-0.36140223628654816,-0.7408611542198706,-0.2662632629109237,0.526382360622837,4
-0.9894895252429645,-0.8640135552955837,-1.3388830954245408,-1.3940333237538711,0.7108637768183171,-0.2662632629109237,1.769405766430982,6
-0.8363947783462917,-0.8640135552955837,-0.4804477404279182,-0.6054143768182101,-0.01499868870077675,0.005547151310642956,0.526382360622837,5
-0.7502789832169132,-0.8640135552955837,-0.6105137033061944,-0.8930422139666425,0.4931050371625884,0.005547151310642956,0.526382360622837,4
-0.520636862871904,-0.8640135552955837,-0.3243685849739868,-0.4781036948016908,-0.2327574283565048,0.005547151310642956,-0.7166410451853079,4
-0.9225105734756701,-0.8640135552955837,-0.6625400884575048,-0.8517841225724001,0.7834500233702262,0.005547151310642956,-0.7166410451853079,4
-0.893805308432544,-0.8640135552955837,-0.5584873181548838,-0.9142606609693957,-0.08758493525268587,0.005547151310642956,0.526382360622837,5
1.058152714500034,1.483947024779763,0.9242646586574642,1.4586689955051717,-0.9223267705996441,0.005547151310642956,-0.7166410451853079,2
1.1825421963535805,1.483947024779763,1.1843965844140165,1.42919893022357,-0.9223267705996441,0.005547151310642956,-0.7166410451853079,2
1.048584292818992,1.483947024779763,0.4040008071443596,1.1604319348553627,-0.5956886611160517,0.005547151310642956,-0.7166410451853079,2
1.4983001118279682,1.483947024779763,1.236422969565327,1.4586689955051717,-0.9949130171515532,0.005547151310642956,-0.7166410451853079,1
0.29267898001667003,0.30996673474208963,-0.11626304436874499,0.30108483124385765,-0.051291811976731314,0.005547151310642956,-0.7166410451853079,3
0.5318895220427213,0.30996673474208963,0.013802918509531165,0.4425411445955457,-0.37792992146032367,0.005547151310642956,-0.7166410451853079,3
0.053468437990618845,0.30996673474208963,-0.6105137033061944,0.040569454154498794,0.7471569000942723,0.005547151310642956,-0.7166410451853079,4
0.3596579317839644,0.30996673474208963,-0.37639497012529727,0.12662204477677572,0.7471569000942723,0.005547151310642956,-0.7166410451853079,3
-1.0469000553292167,-0.8640135552955837,-1.364896288000196,-1.111120697050495,2.4166405707881875,0.005547151310642956,-0.7166410451853079,5
-0.9225105734756701,-0.8640135552955837,-1.1567907473949541,-0.9590551601974302,2.3803474475122335,0.005547151310642956,-0.7166410451853079,4
-0.9990579469240065,-0.8640135552955837,-0.8966588216384018,-1.2266433529543734,-0.486809291288188,0.005547151310642956,0.526382360622837,5
-0.9894895252429645,-0.8640135552955837,-1.3388830954245408,-1.3940333237538711,0.6745706535423619,0.005547151310642956,1.769405766430982,6
0.29267898001667003,0.30996673474208963,-0.11626304436874499,0.7938243227522378,0.7834500233702262,0.005547151310642956,-0.7166410451853079,3
0.5318895220427213,0.30996673474208963,-0.68855328103316,0.7030565216849046,1.9811230914767313,0.005547151310642956,-0.7166410451853079,2
0.5318895220427213,0.30996673474208963,0.14386888138780732,0.7867515070846534,0.23905317423090583,0.005547151310642956,-0.7166410451853079,2
0.6084368954910576,0.30996673474208963,-0.24632900724702114,0.253932726793295,0.8197431466461814,0.005547151310642956,-0.7166410451853079,2
-0.9320789951567122,-0.8640135552955837,-0.8706456290627467,-1.358669245415949,-1.2126717568072818,0.005547151310642956,0.526382360622837,5
-1.0469000553292167,-0.8640135552955837,-0.8966588216384018,-1.164166814557378,0.5293981604385436,0.005547151310642956,1.769405766430982,6
-0.9320789951567122,-0.8640135552955837,-0.7665928587601257,-0.9696643836988068,0.311639420782815,0.005547151310642956,1.769405766430982,5
-0.520636862871904,-0.8640135552955837,-0.8446324364870914,-0.48635531308053925,-0.7045680309439161,0.005547151310642956,-0.7166410451853079,4
-0.6163210796823245,-0.8640135552955837,-0.06423665921743453,0.20324421450894006,0.05758755785113238,0.005547151310642956,0.526382360622837,3
1.1825421963535805,1.483947024779763,1.1843965844140165,1.1344982774075532,-0.8497405240477349,0.005547151310642956,-0.7166410451853079,1
-0.712005296492745,-0.8640135552955837,-0.42842135527660774,0.34470052786062816,2.3077612009603232,0.005547151310642956,0.526382360622837,3
-0.3675421159752313,0.30996673474208963,0.09184249623649686,-0.05609235996915472,-0.01499868870077675,0.005547151310642956,1.769405766430982,3
-0.2527210558027267,0.30996673474208963,0.4040008071443596,0.9930419640558651,0.4205187906106793,0.005547151310642956,0.526382360622837,2
1.488731690146926,1.483947024779763,1.9647923616836733,1.6531714263637427,-1.2489648800832365,0.005547151310642956,-0.7166410451853079,2
1.488731690146926,1.483947024779763,1.0543306215357404,1.270060577702921,-1.285258003359191,0.005547151310642956,-0.7166410451853079,1
1.029447449456908,1.483947024779763,0.6641327329009119,1.0519820946190686,-0.1964643050805502,0.005547151310642956,-0.7166410451853079,1
1.1825421963535805,1.483947024779763,1.1843965844140165,0.9164197943237008,-0.5593955378400971,0.005547151310642956,-0.7166410451853079,1
-0.9225105734756701,-0.8640135552955837,-0.9486852067897124,-1.0993326709378541,1.0737950095778641,0.27735756553220964,1.769405766430982,5
-0.7981210916221235,-0.8640135552955837,-0.6365268958818496,-0.9696643836988068,-0.26905055163245933,0.27735756553220964,-0.7166410451853079,5
-1.1043105854154691,-0.8640135552955837,-1.2088171325462647,-1.358669245415949,1.1100881328538192,0.27735756553220964,0.526382360622837,6
-0.6928684531306609,-0.8640135552955837,-0.2203158146713659,-0.7987380050655171,-0.01499868870077675,0.27735756553220964,-0.7166410451853079,4
-1.0469000553292167,-0.8640135552955837,-0.8966588216384018,-1.217212932064261,0.4568119138866345,0.27735756553220964,1.769405766430982,6
1.058152714500034,1.483947024779763,1.0543306215357404,1.0637701207317092,-1.1037923869794175,0.27735756553220964,-0.7166410451853079,2
0.6275737388531417,1.483947024779763,0.14386888138780732,1.2759545907592413,1.2552606259576375,0.27735756553220964,-0.7166410451853079,2
1.1825421963535805,1.483947024779763,1.0543306215357404,1.3702587996603666,-0.6682749076679615,0.27735756553220964,-0.7166410451853079,2
1.029447449456908,1.483947024779763,0.6641327329009119,1.5529732044062972,-0.2327574283565048,0.27735756553220964,-0.7166410451853079,1
0.5318895220427213,0.30996673474208963,0.14386888138780732,0.639401180676645,0.311639420782815,0.27735756553220964,-0.7166410451853079,2
0.35008951010292233,0.30996673474208963,0.013802918509531165,0.5274149326065586,0.4931050371625884,0.27735756553220964,-0.7166410451853079,3
0.29267898001667003,0.30996673474208963,-0.11626304436874499,0.7690694679156924,0.7834500233702262,0.27735756553220964,-0.7166410451853079,3
0.5318895220427213,0.30996673474208963,-0.16828942952005543,0.6452951937329653,1.2552606259576375,0.27735756553220964,-0.7166410451853079,2
1.9671527741990287,1.483947024779763,1.9647923616836733,1.464563008561492,-1.6118961128427833,0.27735756553220964,-0.7166410451853079,2
1.488731690146926,1.483947024779763,1.7046604359271211,1.3997288649419684,-1.503016743014919,0.27735756553220964,-0.7166410451853079,2
1.9671527741990287,1.483947024779763,2.2249242874402255,1.588337282744219,-1.2126717568072818,0.27735756553220964,-0.7166410451853079,2
1.4983001118279682,1.483947024779763,1.1583833918383613,1.6001253088568599,-0.37792992146032367,0.27735756553220964,-0.7166410451853079,2
-0.9320789951567122,-0.8640135552955837,-0.68855328103316,-1.2231069451205814,-0.37792992146032367,0.27735756553220964,0.526382360622837,5
-0.41538422438044154,-0.8640135552955837,-0.42842135527660774,-0.2800648561093275,0.1664669276789967,0.27735756553220964,-0.7166410451853079,4
-0.9320789951567122,-0.8640135552955837,-0.7665928587601257,-0.8399960964597595,0.9649156397499997,0.27735756553220964,1.769405766430982,4
-0.520636862871904,-0.8640135552955837,-0.40240816270095253,-0.26238281694036647,0.09388068112708758,0.27735756553220964,-0.7166410451853079,4
-0.9225105734756701,-0.8640135552955837,-1.0787511696679886,-1.0922598552702698,0.5293981604385436,0.27735756553220964,-0.7166410451853079,5
-0.9225105734756701,-0.8640135552955837,-0.5584873181548838,-1.0639685925999323,0.13017380440304216,0.27735756553220964,-0.7166410451853079,6
-0.9320789951567122,-0.8640135552955837,-0.9746983993653676,-1.1700608276136983,0.311639420782815,0.27735756553220964,1.769405766430982,5
-0.9320789951567122,-0.8640135552955837,-0.68855328103316,-0.9284062923045645,-0.5231024145641425,0.27735756553220964,0.526382360622837,5
-0.4632263327856518,0.30996673474208963,-0.19430262209571067,-0.19165466026452246,-0.37792992146032367,0.27735756553220964,1.769405766430982,3
-0.702436874811703,-0.8640135552955837,0.14386888138780732,-0.4450972216862969,-0.9949130171515532,0.27735756553220964,0.526382360622837,3
-1.094742163734427,-1.4510037003144203,0.14386888138780732,-0.30364090833460883,-0.7408611542198706,0.27735756553220964,1.769405766430982,3
-0.9990579469240065,-0.8640135552955837,-1.4689490583028169,-1.1700608276136983,2.162588707856505,0.5491679797537763,0.526382360622837,6
-0.9225105734756701,-0.8640135552955837,-1.0007115919410228,-1.3881393106975508,-0.41422304473627825,0.5491679797537763,-0.7166410451853079,6
-1.113879007096511,-0.8640135552955837,-1.364896288000196,-1.1700608276136983,1.4004331190614558,0.5491679797537763,1.769405766430982,6
-1.0469000553292167,-0.8640135552955837,-0.8966588216384018,-1.0698626056562526,1.1100881328538192,0.5491679797537763,1.769405766430982,6
-0.9894895252429645,-0.8640135552955837,-1.1567907473949541,-1.3881393106975508,0.311639420782815,0.5491679797537763,1.769405766430982,6
0.6275737388531417,1.483947024779763,0.14386888138780732,0.45668677593071455,-0.01499868870077675,0.5491679797537763,-0.7166410451853079,3
1.1825421963535805,1.483947024779763,0.9242646586574642,0.8928437420984194,-0.8497405240477349,0.5491679797537763,-0.7166410451853079,3
1.029447449456908,1.483947024779763,0.898251466081809,0.6983413112398483,-0.9949130171515532,0.5491679797537763,-0.7166410451853079,3
0.35008951010292233,0.30996673474208963,0.013802918509531165,0.657083219845606,1.3278468725095467,0.5491679797537763,-0.7166410451853079,3
0.053468437990618845,0.30996673474208963,-0.24632900724702114,0.2091382275652604,0.9649156397499997,0.5491679797537763,-0.7166410451853079,3
0.053468437990618845,0.30996673474208963,-0.5064609330035734,-0.014834268574912367,0.09388068112708758,0.5491679797537763,-0.7166410451853079,3
-0.520636862871904,-0.8640135552955837,-0.42842135527660774,-0.30364090833460883,-0.051291811976731314,0.5491679797537763,-0.7166410451853079,4
0.29267898001667003,0.30996673474208963,-0.11626304436874499,0.5333089456628789,0.6019844069904527,0.5491679797537763,-0.7166410451853079,3
0.3596579317839644,0.30996673474208963,-0.37639497012529727,0.2739723711847841,0.6019844069904527,0.5491679797537763,-0.7166410451853079,3
0.35008951010292233,0.30996673474208963,0.013802918509531165,0.47436881509967554,0.09388068112708758,0.5491679797537763,-0.7166410451853079,3
0.053468437990618845,0.30996673474208963,-0.5064609330035734,0.1089400056078147,0.4205187906106793,0.5491679797537763,-0.7166410451853079,3
0.29267898001667003,0.30996673474208963,0.14386888138780732,0.7572814418030517,1.1463812561297733,0.5491679797537763,-0.7166410451853079,2
0.6084368954910576,0.30996673474208963,0.4040008071443596,0.5097328934375975,-0.16017118180459564,0.5491679797537763,-0.7166410451853079,2
1.058152714500034,1.483947024779763,1.0543306215357404,0.5274149326065586,-0.8497405240477349,0.5491679797537763,-0.7166410451853079,3
0.35008951010292233,0.30996673474208963,1.574594473048845,0.55099098483184,-0.7771542774958252,0.5491679797537763,-0.7166410451853079,2
1.029447449456908,1.483947024779763,0.898251466081809,0.26807835812846376,-1.5756029895668289,0.5491679797537763,-0.7166410451853079,2
1.1825421963535805,1.483947024779763,0.9242646586574642,1.2995306429845226,-0.6682749076679615,0.5491679797537763,-0.7166410451853079,2
-0.9225105734756701,-0.8640135552955837,-0.9486852067897124,-0.9696643836988068,0.34793254405877017,0.5491679797537763,-0.7166410451853079,5
-0.5780473929581563,-0.8640135552955837,-0.24632900724702114,-0.4922493261368596,-0.486809291288188,0.5491679797537763,1.769405766430982,5
-0.7215737181737871,-0.8640135552955837,-0.19430262209571067,-0.7987380050655171,-0.3053436749084146,0.5491679797537763,1.769405766430982,5
-0.8555316217083758,-0.8640135552955837,-0.7665928587601257,-0.8812541878540018,-0.37792992146032367,0.5491679797537763,-0.7166410451853079,5
-0.5780473929581563,-0.8640135552955837,-0.24632900724702114,-0.5452954436437426,-0.26905055163245933,0.5491679797537763,1.769405766430982,3
-0.3675421159752313,-0.8640135552955837,0.013802918509531165,-0.27417084305300715,0.4205187906106793,0.5491679797537763,-0.7166410451853079,4
-0.41538422438044154,-0.8640135552955837,-0.5064609330035734,-0.14450255581395977,0.7471569000942723,0.5491679797537763,-0.7166410451853079,4
-0.7215737181737871,-0.8640135552955837,-0.19430262209571067,-0.67496373088279,-0.2327574283565048,0.5491679797537763,1.769405766430982,4
-0.6067526580012825,-0.277023410276747,-0.038223466641779294,-0.17397262109556144,0.13017380440304216,0.5491679797537763,0.526382360622837,3
-0.30056316420793694,0.30996673474208963,0.5340667700226358,0.1914561883962994,-0.7045680309439161,0.5491679797537763,0.526382360622837,2
-0.702436874811703,-0.8640135552955837,0.27393484426608344,-0.2152307124898038,0.05758755785113238,0.5491679797537763,0.526382360622837,3
-0.30056316420793694,0.30996673474208963,0.7421723106278776,0.5097328934375975,0.09388068112708758,0.5491679797537763,0.526382360622837,2
-1.0086263686050485,-0.8640135552955837,-0.8706456290627467,-1.164166814557378,-0.2327574283565048,0.5491679797537763,0.526382360622837,5
-0.9225105734756701,-0.8640135552955837,-0.9486852067897124,-0.9932404359240882,0.3842256673347254,0.5491679797537763,1.769405766430982,5
0.35008951010292233,0.30996673474208963,0.27393484426608344,0.3152304625790265,-0.051291811976731314,0.8209783939753429,-0.7166410451853079,3
0.053468437990618845,0.30996673474208963,-0.5064609330035734,0.014635796706689314,0.9649156397499997,0.8209783939753429,-0.7166410451853079,3
-0.520636862871904,-0.8640135552955837,-0.42842135527660774,-0.10324446441971741,0.638277530266408,0.8209783939753429,-0.7166410451853079,3
0.3596579317839644,0.30996673474208963,-0.37639497012529727,0.3388065148043078,0.9649156397499997,0.8209783939753429,-0.7166410451853079,3
0.29267898001667003,0.30996673474208963,0.14386888138780732,0.4507927628743942,0.3842256673347254,0.8209783939753429,-0.7166410451853079,3
1.058152714500034,1.483947024779763,0.6641327329009119,1.0166180162811465,-0.051291811976731314,0.8209783939753429,-0.7166410451853079,2
1.029447449456908,1.483947024779763,0.6381195403252566,0.8810557159857787,-0.7771542774958252,0.8209783939753429,-0.7166410451853079,2
1.4983001118279682,1.483947024779763,0.8722382735061538,1.1521803165765143,-0.8497405240477349,0.8209783939753429,-0.7166410451853079,2
1.1825421963535805,1.483947024779763,0.7941986957791881,1.0048299901685058,-0.12387805852864109,0.8209783939753429,-0.7166410451853079,2
1.488731690146926,1.483947024779763,1.3144625472922926,1.6295953741384614,-0.2327574283565048,0.8209783939753429,-0.7166410451853079,2
1.4983001118279682,1.483947024779763,0.9762910438087746,1.2688817750916568,-0.4505161680122328,0.8209783939753429,-0.7166410451853079,2
0.6945526906204361,1.483947024779763,0.5340667700226358,0.7395994026340906,-0.1964643050805502,0.8209783939753429,-0.7166410451853079,3
1.5844159069573467,1.483947024779763,1.1843965844140165,1.1344982774075532,-0.9223267705996441,0.8209783939753429,-0.7166410451853079,2
-1.0086263686050485,-0.8640135552955837,-0.8706456290627467,-1.2407889842895423,-0.5593955378400971,0.8209783939753429,0.526382360622837,5
-1.0373316336481746,-0.8640135552955837,-1.026724784516678,-1.181848853726339,-0.12387805852864109,0.8209783939753429,1.769405766430982,6
-0.9225105734756701,-0.8640135552955837,-0.6365268958818496,-1.252577010402183,-0.41422304473627825,0.8209783939753429,-0.7166410451853079,6
-0.702436874811703,-0.8640135552955837,-0.6365268958818496,-0.36258103889781224,-0.1964643050805502,0.8209783939753429,-0.7166410451853079,5
-0.10919473058709599,-0.277023410276747,-0.7145664736088153,0.6511892067892856,1.6544849819931395,0.8209783939753429,0.526382360622837,4
1.488731690146926,1.483947024779763,0.5340667700226358,1.0873461729569904,0.6745706535423619,0.8209783939753429,-0.7166410451853079,4
-0.511068441190862,-0.8640135552955837,-0.8706456290627467,0.25039631895950276,3.36026177596301,0.8209783939753429,0.526382360622837,5
0.6275737388531417,1.483947024779763,-0.37639497012529727,0.5215209195502383,2.4166405707881875,0.8209783939753429,-0.7166410451853079,4
-0.8555316217083758,-0.8640135552955837,-0.8966588216384018,-0.9166182661919238,-0.8497405240477349,0.8209783939753429,-0.7166410451853079,6
-0.8555316217083758,-0.8640135552955837,-0.8966588216384018,-0.9755583967551272,-0.2327574283565048,0.8209783939753429,-0.7166410451853079,6
-1.0469000553292167,-0.8640135552955837,-1.026724784516678,-1.128802736219456,1.3278468725095467,0.8209783939753429,1.769405766430982,5
-0.9894895252429645,-0.8640135552955837,-0.9226720142140571,-0.9991344489804085,-0.3053436749084146,0.8209783939753429,0.526382360622837,6
-0.41538422438044154,-0.8640135552955837,-0.37639497012529727,-0.36258103889781224,0.1664669276789967,0.8209783939753429,-0.7166410451853079,5
-0.20487894739751647,0.30996673474208963,0.27393484426608344,-0.45099123474261726,-1.5393098662908735,0.8209783939753429,-0.7166410451853079,5
-0.20487894739751647,0.30996673474208963,0.27393484426608344,-0.3272169605598902,-0.9586198938755986,0.8209783939753429,-0.7166410451853079,4
-0.41538422438044154,-0.8640135552955837,-0.37639497012529727,-0.49696453658191586,-0.8497405240477349,0.8209783939753429,-0.7166410451853079,6
-0.9225105734756701,-0.8640135552955837,-0.7405796661844705,-0.9826312124227116,-0.3053436749084146,1.0927888081969095,0.526382360622837,6
-1.0086263686050485,-0.8640135552955837,-1.1567907473949541,-1.1901004720051875,1.1826743794057284,1.0927888081969095,1.769405766430982,6
-0.9225105734756701,-0.8640135552955837,-0.8966588216384018,-1.0109224750930492,-0.01499868870077675,1.0927888081969095,-0.7166410451853079,6
-1.0373316336481746,-0.8640135552955837,-1.026724784516678,-1.12998153883072,0.311639420782815,1.0927888081969095,1.769405766430982,6
-0.41538422438044154,-0.8640135552955837,-0.37639497012529727,-0.35315061800769965,0.34793254405877017,1.0927888081969095,-0.7166410451853079,5
-0.520636862871904,-0.8640135552955837,-0.42842135527660774,-0.12682051664499877,0.9286225164740458,1.0927888081969095,-0.7166410451853079,4
-0.41538422438044154,-0.8640135552955837,-0.37639497012529727,0.02996023065312219,1.6544849819931395,1.0927888081969095,-0.7166410451853079,4
0.29267898001667003,0.30996673474208963,-0.37639497012529727,0.4755476177109396,1.1463812561297733,1.0927888081969095,-0.7166410451853079,3
-0.9320789951567122,-0.8640135552955837,-0.68855328103316,-0.9307638975270927,0.09388068112708758,1.0927888081969095,0.526382360622837,6
-0.5780473929581563,-0.8640135552955837,-0.37639497012529727,-0.31425013183598544,-0.01499868870077675,1.0927888081969095,1.769405766430982,5
-0.712005296492745,-0.8640135552955837,-0.7665928587601257,-0.5134677731396128,0.7108637768183171,1.0927888081969095,1.769405766430982,5
-0.7215737181737871,-0.8640135552955837,-0.3243685849739868,-0.6407784551561321,-0.1964643050805502,1.0927888081969095,1.769405766430982,6
-0.8268263566652496,-0.8640135552955837,-0.7665928587601257,-0.8399960964597595,-0.12387805852864109,1.0927888081969095,1.769405766430982,6
-1.0373316336481746,-0.8640135552955837,-1.026724784516678,-1.0227105012056898,0.8560362699221353,1.0927888081969095,1.769405766430982,6
-0.3675421159752313,-0.8640135552955837,0.013802918509531165,-0.20933669943348346,-0.41422304473627825,1.0927888081969095,-0.7166410451853079,5
-1.0469000553292167,-0.8640135552955837,-1.026724784516678,-1.0227105012056898,1.3278468725095467,1.0927888081969095,1.769405766430982,6
-0.9990579469240065,-0.8640135552955837,-1.4689490583028169,-1.0521805664872916,2.235174954408414,1.0927888081969095,0.526382360622837,6
-0.9990579469240065,-0.8640135552955837,-1.4689490583028169,-0.7574799136712748,2.9610374199275076,1.0927888081969095,0.526382360622837,6
-0.702436874811703,-0.277023410276747,-0.9746983993653676,-0.032516307743873374,1.5818987354412293,1.0927888081969095,0.526382360622837,6
-0.4632263327856518,-0.8640135552955837,-0.9746983993653676,0.3211244756353468,2.271468077684369,1.0927888081969095,0.526382360622837,5
-0.9894895252429645,-0.8640135552955837,-0.9746983993653676,-1.3291991801343475,-0.6319817843920063,1.0927888081969095,1.769405766430982,6
-0.9320789951567122,-0.8640135552955837,-0.9746983993653676,-0.9814524098114475,0.8923293931980906,1.0927888081969095,1.769405766430982,6
-1.0086263686050485,-0.8640135552955837,-1.1047643622436438,-1.3350931931906678,-0.08758493525268587,1.0927888081969095,0.526382360622837,5
-0.2527210558027267,0.30996673474208963,0.7161591180522223,-0.07966841219443607,-1.503016743014919,1.0927888081969095,1.769405766430982,6
-1.1904263805448474,-1.4510037003144203,-0.11626304436874499,-0.657281691713829,-1.1037923869794175,1.0927888081969095,1.769405766430982,4
-0.6928684531306609,-0.8640135552955837,-0.42842135527660774,-0.5629774828127037,-0.16017118180459564,1.0927888081969095,0.526382360622837,6
-0.8363947783462917,-0.8640135552955837,-0.8446324364870914,-0.8105260311781578,0.5293981604385436,1.0927888081969095,1.769405766430982,6
-0.5684789712771143,-0.8640135552955837,-0.5324741255792287,-0.5747655089253443,0.05758755785113238,1.3645992224184762,-0.7166410451853079,5
-0.41538422438044154,-0.8640135552955837,-0.5324741255792287,-0.40383913029205454,0.311639420782815,1.3645992224184762,-0.7166410451853079,4
-0.3675421159752313,-0.8640135552955837,-0.3243685849739868,-0.4215211694610156,-0.41422304473627825,1.3645992224184762,-0.7166410451853079,4
-0.20487894739751647,0.30996673474208963,0.14386888138780732,-0.2977468952782885,-1.067499263703463,1.3645992224184762,-0.7166410451853079,4
-0.5684789712771143,-0.8640135552955837,-0.5324741255792287,-0.6985397831080714,-0.9586198938755986,1.3645992224184762,-0.7166410451853079,5
-1.1043105854154691,-0.8640135552955837,-1.2088171325462647,-1.4411854282044338,0.4931050371625884,1.3645992224184762,1.769405766430982,6
-1.0373316336481746,-0.8640135552955837,-1.0527379770923333,-1.2997291148527457,0.311639420782815,1.3645992224184762,-0.7166410451853079,6
-1.085173742053385,-0.8640135552955837,-1.1567907473949541,-1.4352914151481133,0.20276005095495192,1.3645992224184762,1.769405766430982,6
-0.9320789951567122,-0.8640135552955837,-0.9746983993653676,-1.0757566187125729,0.8197431466461814,1.3645992224184762,1.769405766430982,6
-1.0469000553292167,-0.8640135552955837,-1.026724784516678,-1.181848853726339,1.4004331190614558,1.3645992224184762,1.769405766430982,6
-1.0086263686050485,-0.8640135552955837,-1.1047643622436438,-1.0934386578815338,0.638277530266408,1.3645992224184762,1.769405766430982,6
-0.9894895252429645,-0.8640135552955837,-0.9486852067897124,-1.1700608276136983,0.1664669276789967,1.3645992224184762,1.769405766430982,6
-0.8555316217083758,-0.8640135552955837,-1.0787511696679886,-0.8989362270229628,-0.2327574283565048,1.3645992224184762,-0.7166410451853079,6
-0.9225105734756701,-0.8640135552955837,-1.026724784516678,-1.0993326709378541,0.23905317423090583,1.3645992224184762,-0.7166410451853079,6
-0.9225105734756701,-0.8640135552955837,-1.026724784516678,-0.7044337961643917,1.872243721648867,1.3645992224184762,-0.7166410451853079,5
-0.8555316217083758,-0.8640135552955837,-0.792606051335781,-0.9284062923045645,-0.486809291288188,1.3645992224184762,0.526382360622837,6
-0.8363947783462917,-0.8640135552955837,-0.7665928587601257,-0.9048302400792831,-0.41422304473627825,1.3645992224184762,1.769405766430982,6
-0.8268263566652496,-0.8640135552955837,-0.7665928587601257,-0.7397978745023137,0.4568119138866345,1.3645992224184762,1.769405766430982,6
-0.7215737181737871,-0.8640135552955837,-0.11626304436874499,-0.4274151825173359,-0.26905055163245933,1.3645992224184762,1.769405766430982,6
-0.712005296492745,-0.8640135552955837,-0.792606051335781,-0.40383913029205454,1.001208763025955,1.3645992224184762,1.769405766430982,5
-0.511068441190862,-0.8640135552955837,-0.6365268958818496,0.29754842341006543,1.7633643518210027,1.3645992224184762,0.526382360622837,5
-0.47279475446669383,0.30996673474208963,-0.7405796661844705,0.21503224062158074,1.473019365613366,1.3645992224184762,0.526382360622837,5
-0.2527210558027267,0.30996673474208963,0.2999480368417387,-0.09145643830707674,-1.067499263703463,1.3645992224184762,1.769405766430982,4
-0.4632263327856518,0.30996673474208963,0.4040008071443596,-0.05609235996915472,-0.6319817843920063,1.3645992224184762,1.769405766430982,4
0.35008951010292233,0.30996673474208963,0.14386888138780732,0.5156269064939178,0.09388068112708758,1.3645992224184762,-0.7166410451853079,3
1.488731690146926,1.483947024779763,0.013802918509531165,0.8810557159857787,1.2552606259576375,1.3645992224184762,-0.7166410451853079,4
0.053468437990618845,0.30996673474208963,-0.42842135527660774,0.09715197949517403,0.5656912837144988,1.3645992224184762,-0.7166410451853079,3
0.29267898001667003,0.30996673474208963,-0.5064609330035734,0.5745670370571213,0.3842256673347254,1.3645992224184762,-0.7166410451853079,2
-0.7885526699410814,-0.8640135552955837,-0.42842135527660774,-0.4392032086299766,1.473019365613366,1.636409636640043,-0.7166410451853079,5
-0.7885526699410814,-0.8640135552955837,-0.42842135527660774,-0.3979451172357342,1.1100881328538192,1.636409636640043,-0.7166410451853079,5
-0.7885526699410814,-0.8640135552955837,-0.42842135527660774,-0.6867517569954307,0.8923293931980906,1.636409636640043,-0.7166410451853079,6
-0.7885526699410814,-0.8640135552955837,-0.5064609330035734,-0.4745672869678986,0.23905317423090583,1.636409636640043,-0.7166410451853079,5
-0.5684789712771143,-0.8640135552955837,-0.5324741255792287,-0.533507417531102,0.1664669276789967,1.636409636640043,-0.7166410451853079,5
-0.41538422438044154,-0.8640135552955837,-0.37639497012529727,-0.28595886916564783,0.8923293931980906,1.636409636640043,-0.7166410451853079,5
-0.520636862871904,-0.8640135552955837,-0.3243685849739868,-0.13271452970131908,0.311639420782815,1.636409636640043,-0.7166410451853079,4
-0.8555316217083758,-0.8640135552955837,-0.792606051335781,-1.1759548406700187,-0.08758493525268587,1.636409636640043,0.526382360622837,6
-0.9894895252429645,-0.8640135552955837,-0.9486852067897124,-1.1229087231631356,0.9649156397499997,1.636409636640043,1.769405766430982,6
-0.9894895252429645,-0.8640135552955837,-0.9486852067897124,-1.1877428667826593,0.7471569000942723,1.636409636640043,1.769405766430982,5
-0.8555316217083758,-0.8640135552955837,-1.0787511696679886,-1.005028462036729,-0.3053436749084146,1.636409636640043,-0.7166410451853079,6
-0.9225105734756701,-0.8640135552955837,-0.8966588216384018,-1.005028462036729,0.638277530266408,1.636409636640043,-0.7166410451853079,6
-0.712005296492745,-0.8640135552955837,-0.42842135527660774,-0.9637703706424865,-0.37792992146032367,1.636409636640043,1.769405766430982,6
-0.8363947783462917,-0.8640135552955837,-0.7665928587601257,-0.9107242531356035,-0.37792992146032367,1.636409636640043,1.769405766430982,6
-0.8268263566652496,-0.8640135552955837,-0.8966588216384018,-0.8635721486850408,0.4931050371625884,1.636409636640043,1.769405766430982,6
-0.9894895252429645,-0.8640135552955837,-0.9746983993653676,-1.1936368798389796,-0.1964643050805502,1.636409636640043,1.769405766430982,6
-0.9894895252429645,-0.8640135552955837,-0.9746983993653676,-1.1936368798389796,0.05758755785113238,1.636409636640043,1.769405766430982,6
-0.9894895252429645,-0.8640135552955837,-0.9746983993653676,-1.1582728015010577,0.23905317423090583,1.636409636640043,1.769405766430982,6
-0.12833157394918007,0.30996673474208963,0.14386888138780732,-0.038410320800193715,0.311639420782815,1.636409636640043,-0.7166410451853079,4
0.6467105822152258,0.30996673474208963,-0.5064609330035734,0.044105861988290994,0.5293981604385436,1.636409636640043,-0.7166410451853079,6
-0.3675421159752313,-0.8640135552955837,-0.3243685849739868,-0.46277926085525795,-0.37792992146032367,1.636409636640043,-0.7166410451853079,4
0.3596579317839644,0.30996673474208963,0.19589526653911776,-0.1680786080392411,-0.3053436749084146,1.636409636640043,-0.7166410451853079,3
-0.4823631761477359,-0.8640135552955837,-0.2203158146713659,-0.36847505195413255,-0.5956886611160517,1.636409636640043,1.769405766430982,6
-0.5684789712771143,-0.8640135552955837,-0.5324741255792287,-0.7162218222770323,-0.9223267705996441,1.636409636640043,-0.7166410451853079,6
-0.41538422438044154,-0.8640135552955837,-0.37639497012529727,-0.032516307743873374,0.638277530266408,1.636409636640043,-0.7166410451853079,5
-0.520636862871904,-0.8640135552955837,-0.4804477404279182,-0.22112472554612414,0.021294434575177813,1.636409636640043,-0.7166410451853079,5
-0.9320789951567122,-0.8640135552955837,-1.364896288000196,-0.9991344489804085,3.287675529411101,1.636409636640043,0.526382360622837,6
-0.5684789712771143,-0.8640135552955837,-0.5324741255792287,-0.8046320181218375,-1.43043049646301,1.636409636640043,-0.7166410451853079,6
-0.712005296492745,-0.8640135552955837,-0.6625400884575048,-0.4156271564046952,1.1100881328538192,1.636409636640043,-0.7166410451853079,5
-0.7215737181737871,-0.8640135552955837,-0.5845005107305391,-0.30364090833460883,1.4004331190614558,1.636409636640043,-0.7166410451853079,5
