iter,lambda,alpha_0,alpha_1,alpha_2,alpha_3,alpha_4,alpha_5,alpha_6,w_0,w_1,w_2,w_3,w_4,w_5,w_6,acc
0,22026.465794806718,3.6406135124156846,5.123880325274182,4.072185299455781,1.2931016765811516,2.3378165504800542e-06,1.0076393042103923e-06,1.0456857325895895e-06,7.819383648041186e-11,2.8816279525684315e-10,5.116283629500963e-11,6.6835998698774815e-12,0.29206729424464345,0.5375171658631659,0.17041553946798754,0.7937511740028802
1,22026.465794806718,4.881866266521886,5.103910954885571,3.2707920789515255,2.3111380160164274,1.549687218362762e-06,1.0232815112964672e-06,1.1264739428176632e-06,1.6520511766216355e-08,3.0176881022887773e-07,2.058134778853175e-09,1.0273116746398935e-09,0.012270118623051475,0.3682902839716461,0.6194392760305341,0.8220291304619616
2,22026.465794806718,3.3092527334436492,4.017043342968569,2.844435524343147,2.880243846189315,1.4195503036553102e-06,1.000099374769694e-06,1.0008847917933986e-06,2.6431625249644676e-12,7.715728311777323e-12,9.770166953640153e-13,3.2204533786122897e-12,0.05155104343570085,0.5489708138286064,0.3994781427211364,0.8282101045514305
3,22026.465794806718,4.375822703842714,5.931324863453211,4.666381602157676,1.665794425256859,1.5908323237648218e-06,1.0000171298862317e-06,1.149558496651997e-06,7.2284630260197515e-12,4.6214274171685905e-11,2.406906112811595e-12,4.1579427594555074e-14,0.28269708045265524,0.5909772919678954,0.12632562752355816,0.8098961591392468
4,22026.465794806718,4.450644711880542,4.401572963949475,3.5882863188663405,3.316723426290544,1.3024185196674626e-06,1.103354963139398e-06,1.446749299473114e-06,4.826115277056287e-08,1.343716139769494e-07,5.380546277565425e-09,1.3289843385926387e-08,0.0042937682540446775,0.6482641464062945,0.3474418840365044,0.8384894789579158
5,22026.465794806718,2.5221475826164705,5.055328166573211,2.021648688865841,1.0696082780348013,0.9558775417163067,1.014927585268914e-06,1.0029178151785311e-06,2.084957244012134e-10,4.375345867243757e-09,2.1592674484143715e-10,7.634401035603585e-11,0.0031928704392432546,0.5857632987165778,0.41104382596806643,0.8299912269707983
6,22026.465794806718,3.717130825118301,3.958279012753163,2.8541168560661054,2.8739505615805374,1.060131960094511,1.9795678703790856e-06,1.1755304266706964e-06,3.031028106907421e-10,5.435600483983387e-10,4.465861315267669e-11,1.2117738113815893e-10,0.05709748597837615,0.6866056443391435,0.2562968686699815,0.8372122200614767
7,22026.465794806718,2.948269801276548,2.6767109954491617,2.643190027526713,2.5533757126191015,0.24907195623486464,1.0001153295119808e-06,1.4962873823716968e-06,1.9016983329943854e-11,2.5277213637782094e-11,3.138784532011757e-11,2.035581134710462e-11,1.920288666729481e-09,0.7236876808481523,0.2763123171355211,0.8044797597447287
8,22026.465794806718,6.284953447301164,7.814687523600165,2.3745953382666944,5.546273012915375,4.7631381493378e-06,1.0015688007208547e-06,1.0000563739602347e-06,4.52992197774078e-10,4.801692413989333e-09,8.051488862014464e-10,1.814384376889673e-09,0.03446333896630941,0.559439946661395,0.4060967064980776,0.8222222222222222
9,22026.465794806718,3.6296644930288453,4.1224667346850525,3.10178396267908,1.8483298888458388,0.7896004318747157,1.9909738543192496e-06,8.430701745589876e-06,1.0485102176889584e-07,3.853835856657063e-07,4.8687331395192976e-08,9.153389746113677e-09,0.16095512025980055,0.5165122083594079,0.322532123305463,0.8336050156739812
10,22026.465794806718,2.436144341668242,2.0644044540592184,2.4741466295793395,1.857895348096539,1.0335002359041378e-06,1.0008454560617635e-06,1.0000014034486097e-06,7.483963067195528e-10,1.3055170742336548e-09,1.2580479339497013e-09,4.364050186573348e-10,0.0002488398647219806,0.7103675436284854,0.2893836127584261,0.8335417708854427
11,22026.465794806718,3.7074326271991582,5.01263164195471,3.2592147365703705,2.4367354706092255,1.6846190303553228e-06,1.053280590856618e-06,1.0129696892628694e-06,5.158603023036448e-11,1.8413070640204338e-10,1.8674551262730404e-11,1.3059238528121585e-11,0.10200653951449035,0.6020949344464052,0.295898525771654,0.8108158917157539
12,22026.465794806718,3.2620806785245557,3.9543395414171583,2.8767932946113217,2.500064159033914,1.2342259820430327e-06,1.0414312610579528e-06,1.5431160149792662e-06,2.3902954838793617e-09,5.22164656381135e-09,7.448040761515722e-10,8.76346480325374e-10,0.03400946635573697,0.5884893456420507,0.3775011787691197,0.8285553329994992
13,22026.465794806718,2.8388458124410882,3.4895718829559095,2.6719907148901565,2.2598254670605544,0.0018685154349451357,1.5259830482440113e-06,1.0506941230755826e-06,2.013008533776222e-12,4.304259247226311e-12,2.0436042764568395e-12,1.0337401174756952e-12,7.251123240437627e-13,0.46413481210415847,0.5358651878857219,0.8280534470861302
14,22026.465794806718,3.5644313384558224,3.6917977515737586,3.444075501638893,2.190713824587605,1.0633705457985753e-06,1.0013334350166883e-06,1.0324224165606505e-06,3.181405463912736e-09,5.333992212263776e-09,1.7799968943715011e-09,4.703389191600277e-10,0.007081737057780026,0.4997664135679764,0.49315183860851014,0.8313639220615965
15,22026.465794806718,3.008401782023314,4.996157956894225,4.494959550145962,2.851615385924826,0.42691204895285917,1.8750479368831302e-06,1.5604748861118015e-06,1.0256114327712779e-10,2.4624327785453422e-09,1.310168580632967e-10,1.1907385970920177e-10,0.0006279743959950786,0.5110394195495881,0.48833260323933225,0.8237143216396329
16,22026.465794806718,2.4059125699486716,2.6591170947634315,2.6043908933371336,2.4861059793520544,0.0001247390529365376,1.0604498908938264e-06,1.0651305539403761e-06,2.3678055192737898e-11,1.932592684332913e-11,1.8565817201303e-11,9.473991920346145e-12,2.038699686621147e-09,0.8625124206149455,0.13748757727531097,0.8182560110490301
17,22026.465794806718,2.939306028332137,2.986553405428115,2.478068007462625,2.212528455101121,1.1846614754656536e-06,1.0000158689460813e-06,45.69054766838591,1.2841286318049732e-11,2.1272710470972483e-11,3.4348037978658692e-12,4.876546427294624e-12,9.508909542086032e-06,0.05067657342686117,0.9493139176211715,0.7878692843254093
18,22026.465794806718,5.878341589210482,7.87771673513032,3.308171796461271,0.3498140970867873,1.7310255420075887e-06,1.067265699067007e-06,56.75957145778285,3.4939579381180304e-14,3.939837213177555e-12,6.102035316360603e-16,1.9166541569364605e-17,0.038351422375120243,0.061579018938604985,0.9000695586822993,0.7796652667209929
19,22026.465794806718,2.5267098152791188,4.2386709826577755,1.6733312016418391,2.154584603083091,10.582939180471941,1.317074358402209e-06,1.2017284612944931e-06,4.726243949483982e-10,2.92853196334664e-09,7.28617272990034e-10,1.1654478418706558e-09,0.013975550085143684,0.6798870233767774,0.3061374212428575,0.8332183403374521
20,22026.465794806718,4.5910463802731964,5.8711840472984385,4.488668241722961,1.5724889517374145,1.0440892267772836e-06,1.0097422649400143e-06,1.0013011869366286e-06,7.766567782244694e-10,1.7613666010979777e-09,4.0206018791468375e-10,7.944360215240137e-13,0.07151647818368838,0.7822005723143154,0.14628294656111818,0.8142902108907775
21,22026.465794806718,2.709474054218643,3.0982880972515683,3.0680219346165534,2.372466864324692,1.00095338063356e-06,1.0306307926863479e-06,1.0924683979184772e-06,1.6065046944295542e-09,3.667954512052831e-09,8.63830752487235e-10,8.69085501366862e-10,0.0006579876492922159,0.5261804123636562,0.4731615929796761,0.8331766622798772
22,22026.465794806718,2.9714065433906582,3.573687044447842,3.0485159529404773,2.140208159990879,1.4703122721353438e-06,1.0007285370560715e-06,1.385304939012497e-06,2.4279119327308587e-11,8.427416729262461e-11,1.7198688929401436e-11,1.4550542295853197e-11,0.0006730900337680575,0.6837164305551762,0.3156104792707533,0.8161171244447225
23,22026.465794806718,4.8475737845660625,5.975057551592301,5.028450838111019,5.040168913189887,1.7662587854551557e-06,1.0254227921435474e-06,1.0155503446249832e-06,9.371297436270683e-09,9.20942383919424e-09,9.324670845067996e-09,1.2033043594153544e-08,0.12742394372378668,0.7071779337006444,0.1653980826371333,0.8246374081747975
24,22026.465794806718,4.1324636228433205,7.272003814434078,2.6292932171317287,1.1948871020555858,1.2994784134658528e-06,1.0105627509135287e-06,1.0180948280614752e-06,2.74885949400472e-10,1.351031165329523e-08,1.2311396048409054e-10,3.784012810001458e-11,0.053314741183830526,0.5888242859173182,0.35786095895269954,0.8147104851330204
25,22026.465794806718,3.4560016079976967,4.1651096195105275,2.0562529172840014,2.115043958310306,1.1675052176245257e-05,1.0073134624244107e-06,1.1586730205061371e-06,2.4963266957576772e-09,7.127980951308603e-09,2.0633328220826394e-10,6.432531272182418e-10,0.06266371257559153,0.6491525093702598,0.28818376758025466,0.8199161818977919
26,22026.465794806718,4.436009159156678,5.2288148629632785,3.058552415162932,0.7363285620497644,1.0815518606105077e-06,1.1851370159663215e-06,1.037226251900667e-06,7.741596771955539e-10,8.503106951418901e-09,8.471724469677537e-11,2.189055665277894e-11,0.3594939068718462,0.34526649870020887,0.2952395850440706,0.8122849815475074
27,22026.465794806718,4.8029663945821035,6.062118958381302,2.922325692837884,3.2573009109593487,1.6742749085271705e-06,6.617025974580486e-06,3.991835527814739e-06,9.588753480384384e-08,1.894457032868477e-07,1.685918870137486e-08,7.776226577696736e-09,0.10043360799276758,0.427562599699947,0.4720034823386322,0.8407835258663988
28,22026.465794806718,2.5560788188423156,3.4201496135037304,2.4000172271042506,2.412935332378472,1.000000139985845e-06,1.0039997737527052e-06,1.0007145925470738e-06,9.229960226097412e-12,3.880296736219527e-11,6.8388596527366535e-12,1.1833952588765779e-11,0.0003381888007465203,0.3935343555646051,0.6061274555679426,0.8146875
29,22026.465794806718,5.449332340982173,6.795006870040832,2.995179502893443,1.0580550077424196,1.483060212123681e-06,1.0005895746611394e-06,1.0004042483296063e-06,3.6732065457537976e-10,6.125834148576603e-09,1.1298861314075169e-11,3.769405638540531e-12,0.09869072325915643,0.7332113345976496,0.16809793563497083,0.8121204532648845
30,22026.465794806718,17.354124276675616,23.94871859256063,16.679734921837774,13.042469359863363,1.0000000000022935e-06,2.5579722693467008e-06,1.0000000000000002e-06,8.44962958532113e-11,1.9282678313614864e-12,2.177915472231531e-11,1.3846301992021833e-12,0.15791812560140825,0.7729454435186445,0.06913643077035879,0.8032714690154137
31,22026.465794806718,4.62502186918819,4.591854812383398,4.031811467581666,2.843613112022976,2.5441413502755515e-06,1.0614134132424716e-06,1.175160114492545e-06,3.0670704518918816e-08,4.167130033687578e-08,1.3559933428285265e-08,1.2079892220573892e-09,0.050231556591437174,0.7889681352334985,0.1608002210651369,0.8080991425173687
32,22026.465794806718,5.13389964206471,6.821817674439601,5.344439243115686,1.6845408953951897,1.0176893773811855e-06,1.0427886580346135e-06,1.000881827088243e-06,2.467681468847789e-11,7.627639637155393e-10,8.06148117156705e-12,6.055946476855437e-13,0.15253745127050203,0.5732573626104074,0.2742051853229826,0.810917276308385
33,22026.465794806718,3.9418986775220546,4.700782578044904,4.010368275201434,2.0058200273141646,7.034842195338279e-06,1.624717077799987e-06,1.0069604528808774e-06,1.734346836875574e-10,6.837584617459528e-10,4.1161607930400074e-11,1.3569614684382447e-11,0.15039315008579518,0.6139820617796445,0.2356247872226358,0.8072923192582383
34,22026.465794806718,3.2300668932661507,3.2542973975955944,2.7793403957876457,1.9660429764174,1.0449133787921164e-06,1.0312221910178784e-06,1.2803373834100339e-06,5.918772889677881e-09,8.593048440245321e-09,1.880130894898632e-09,1.0195344857071064e-09,0.0832993486354365,0.5142906704547849,0.40240996349829194,0.8216636369334921
35,22026.465794806718,4.313242046737504,6.054322789563304,4.052464212958649,3.842090997740757,1.0017182809809073e-06,1.0189540832553973e-06,1.1427051035321737e-06,1.713438855107011e-10,2.3122290451132263e-09,2.663935428388585e-10,8.786952090709303e-11,0.002425258455976023,0.8076500748830678,0.18992466382312015,0.8281504702194358
36,22026.465794806718,2.1587416145768,2.2884554823684056,2.186732407877476,2.0531312562233968,0.06040066546545903,3.796417007282666e-06,1.435610483364499e-06,4.555340075700363e-11,4.930901194339124e-11,5.798005814070303e-11,3.91998371350968e-11,4.593811302858602e-09,0.40506731943718877,0.5949326757769577,0.8154423257267897
37,22026.465794806718,3.0124046060622662,4.340180257697088,3.2138701297711694,1.5834364559595138,1.0089836937424377e-06,1.4775054286873173e-06,1.0004196598081599e-06,1.6862900922480378e-09,6.1198571625895445e-09,1.903046664593929e-09,2.2095905901158276e-10,6.730279015723748e-05,0.7051859508575604,0.2947467364221292,0.8163534661554899
38,22026.465794806718,3.3987641091152145,4.0246771084813835,3.1814866736873184,1.5974015373383403,4.348813400700291e-06,1.0154117158179544e-06,1.0548333217803987e-06,7.045820764861986e-11,2.158076185172593e-10,5.735012120867901e-11,8.108843092055348e-12,0.06859798479207109,0.625342124764604,0.3060598900916001,0.8355477563299073
39,22026.465794806718,2.902210662157355,3.4067915350193743,2.991491652142112,1.9849274626816673,1.0629470693768712e-06,1.0899984412615802e-06,1.0546965968858501e-06,7.381514973165009e-12,2.0966388953337814e-11,1.20068142333195e-11,4.511487157118411e-12,0.00016630767921268518,0.45913179137895305,0.5407019008969681,0.8402252111354395
40,22026.465794806718,3.8417351644243753,4.613382430236919,3.3718467297492074,2.882138941507265,1.0000060766834637e-06,1.381455364319178e-06,1.0444790009858112e-06,3.599389576752033e-10,1.250644980627057e-09,3.5541738205295274e-10,1.0869884441200335e-10,0.00042368823459680295,0.42042971950182956,0.5791465901888735,0.8323222215273001
41,22026.465794806718,5.203258502284775,5.80415659140851,3.810612051780131,2.807177163462338,1.0019317759988317e-06,1.8204593243084742e-06,1.000025964506213e-06,4.3600613716163855e-10,1.1480739936445929e-09,6.259528555809123e-11,9.794620604271553e-12,0.06192212055088103,0.6230023114640117,0.31507556632863726,0.8261875
42,22026.465794806718,3.6635593002704434,4.888100823592535,3.0032871119473845,2.379122547818931,1.0011562727307612e-06,1.1686027655104266e-06,1.0197665749704406e-06,1.711115870761014e-10,9.845059420492625e-10,5.770371822710269e-11,4.301680703758117e-11,0.033642287739971306,0.7869882431398952,0.17936946786379548,0.8115160258420624
43,22026.465794806718,9.536367435081024,12.352734294050002,9.561507750965976,2.7836610660749908,1.0471405628097951e-06,1.4473156499293292e-06,1.0001783989477311e-06,1.208057427986e-09,6.287174534343353e-09,2.844802710442299e-10,8.976864967931527e-15,0.035468569744717265,0.8818354517131062,0.08269597076245529,0.8030027011746969
44,22026.465794806718,5.19702139191674,5.564755019538042,4.1047237896397535,3.075803968212901,1.0219806204261509e-06,1.0538542697254196e-06,1.0383560233746049e-06,7.571707954344892e-11,2.4565575686883093e-10,4.995694505633724e-11,1.7461082577152397e-11,0.06684159546111694,0.4638830984640688,0.4692753056860235,0.8366426558095834
45,22026.465794806718,2.7064190835804105,3.2933871401029684,2.367235067058519,2.2991794184327423,1.447832710333409e-06,1.003498598226939e-06,1.0181215179517464e-06,1.7149564906748495e-10,4.1075659396444925e-10,6.630496742377282e-11,1.08347585305273e-10,0.04411883069140465,0.48114792514352084,0.47473324340816986,0.7971168912566593
46,22026.465794806718,2.95798433801417,3.3625190607531477,3.2908595276033954,2.9607008158233454,1.0007008248115887e-06,1.0000000000001456e-06,48.047266412403005,8.545735059948171e-16,1.15668554434079e-15,3.7405441353275576e-17,1.6836779638590458e-16,0.0002429442473039095,0.06285456374696506,0.9369024920057288,0.7829058757133003
47,22026.465794806718,5.790833509658951,5.6772593337598956,4.216729404363001,1.2297393559688705,0.0688801512176207,1.0000132361701426e-06,1.0000074725698177e-06,8.452565494459284e-10,7.322087491513527e-09,5.5919342790126735e-11,1.0802908877129443e-11,0.256050654917311,0.2974198384247732,0.4465294984238495,0.8126212984411194
48,22026.465794806718,5.165731437623768,6.115644520425576,3.6120697251632636,2.400605353010002,1.0008443106718352e-06,3.0323645783401837e-06,1.019762236053705e-06,7.847120066482331e-10,5.4514695873696505e-09,7.848530199443063e-11,2.543053006938205e-11,0.007854886041465826,0.6021671160279197,0.3899779915905171,0.8257608899443785
49,22026.465794806718,2.6470581424860966,4.408299957855304,2.3745332605367975,2.483518877561564,1.022652909824718e-06,1.0000015902118146e-06,1.0068199943785049e-06,1.993576810396195e-13,3.4036089860218764e-13,8.389647715428714e-14,1.700822145050099e-13,0.0435732664223669,0.6678908606254738,0.2885358729513656,0.8152507356163526
50,22026.465794806718,4.9505750932192445,5.872937462295995,3.6026116721523906,1.7706923068577802,1.0589211786885695e-06,1.4501665135275244e-06,1.0004452890459192e-06,4.5214323820006035e-11,2.6741602864148927e-10,1.2285737650790893e-11,1.1707299517145459e-12,0.4162216603925684,0.36421223151638404,0.2195661077649608,0.8125469571750563
51,22026.465794806718,3.495580236468158,4.385624941939636,3.272318800722669,2.686521614600817,1.0000324610307743e-06,1.1899221365976165e-06,2.665416751974197e-06,3.9585131338434255e-10,6.8279743887909046e-09,2.244149205165698e-09,5.670672595682005e-10,8.430853382903933e-05,0.29660471177928266,0.7033109696518461,0.8501659257404045
52,22026.465794806718,8.258354106765632,9.018322313946713,3.5395046084857213,3.83813941090904,1.0000000018163315e-06,1.0000001217119992e-06,1.0605899331391777e-06,2.130750812868183e-09,6.910082327788367e-09,4.338280814721106e-09,3.1690220147230476e-10,0.029829863253699063,0.4518919959805728,0.518278127069712,0.846756012024048
53,22026.465794806718,2.3475767752238603,2.356093420654202,2.543716006207947,2.337628420275981,0.6179195435463394,1.0205189542919394e-06,2.282588592395014e-06,3.3889588195256255e-11,3.218068341060805e-11,4.6417496213858825e-11,2.579722860450048e-11,1.3189216077104554e-09,0.781992193172848,0.21800780536994538,0.8002501563477173
54,22026.465794806718,2.399869064449516,2.6495928080927493,2.3633839264419674,2.321759020573628,1.3975665499818847e-06,1.1029678656671999e-06,1.4085103193653393e-06,2.2890170826968266e-09,3.769466145398897e-09,1.277148575484069e-09,1.6785112878141667e-09,0.012179124502110266,0.5254879583290548,0.46233290815469186,0.8468197214904027
55,22026.465794806718,3.50915987600771,3.8082563087593533,2.3710066761704254,1.9400282470495434,1.0620306248273545e-06,1.0086985700798787e-06,1.002072982407889e-06,3.3872366053113465e-10,1.582294017508688e-09,1.2225960242293715e-10,7.8446407276588e-11,0.06908587097421172,0.43481468547675656,0.49609944142730805,0.8114285714285714
56,22026.465794806718,3.895321755114544,4.556948623588856,2.8640152420515883,2.3533138324766854,1.0005124170146194e-06,1.1099781820947589e-06,1.0000047836651672e-06,6.497129601809651e-10,2.9724733217681185e-09,2.2917572761086844e-10,2.596514255686702e-10,0.00030441742394695726,0.5031046646121345,0.49659091385290505,0.8354802401200601
57,22026.465794806718,3.9323806706938456,4.61049084033217,4.188150954698109,1.9522335902997021,1.0134385143235237e-06,1.0008150271191443e-06,1.0066312075834052e-06,4.6818901924202544e-11,2.7762619313715024e-10,2.8327277218022862e-11,3.734896724702785e-12,0.06822572794662261,0.48410983211573017,0.44766443958113994,0.8287649752242363
58,22026.465794806718,2.920099127074879,3.554851879303769,2.2621263223231893,2.294546803129242,1.0351211603667769e-06,1.000724221495952e-06,1.0067601576626729e-06,6.882435205928211e-11,1.78862681255009e-10,2.4264069927466208e-11,3.510930184612596e-11,0.08533269060174722,0.45943694627778264,0.4552303628134097,0.8151738804103077
59,22026.465794806718,3.813372322063081,3.671228071284805,5.535873774399491,4.38295346801858,0.00014093811555475436,5.946967096176955e-05,4.9217383848549855e-05,2.62321070863873e-06,2.7393433180362665e-06,8.268145184792697e-05,9.5470244821282e-06,0.18761090757071747,0.4544911490722698,0.35780035232665597,0.8302973395931142
60,22026.465794806718,2.6128726857641866,3.295895699683252,2.3219644526356906,2.601814311364764,1.0104398977754886e-06,1.1462064672413252e-06,1.444851027091692e-06,6.296567752875674e-10,2.0914270548854643e-09,3.304640548709264e-10,9.531971714437507e-10,0.0005397978481943824,0.386606508000271,0.6128536901467896,0.8230648699467251
61,22026.465794806718,6.175201032600594,8.055087889614281,4.857719111362779,0.16865360636264595,1.1200689855889557e-06,1.0122323425093146e-06,1.0022053646544516e-06,1.7596217221873819e-10,1.7753302851004944e-09,1.4602583926342544e-11,1.22825955701303e-13,0.5192718604860337,0.31313444338793545,0.16759369416001296,0.7704020638016736
62,22026.465794806718,2.082174566375349,3.5187687980509517,1.6015845493514322,1.9648180635388754,11.065639542988313,1.0288216267445313e-06,1.0025359967361803e-06,5.934004784372251e-10,2.439627918772354e-09,2.2823376348753018e-10,3.208276708009333e-10,0.0035133044569001675,0.42509792217854825,0.5713887697824618,0.8223889931207005
63,22026.465794806718,2.5538508362174563,2.957049056654963,2.3900478458464036,2.0659931819350814,1.0818391575979807e-06,4.181625382372024e-06,1.0863714529256663e-06,1.8359632324222433e-10,2.5306546248124134e-10,1.378138909891345e-10,1.511687543639163e-10,7.060202654791111e-05,0.6179206116531887,0.382008785594619,0.8111389236545682
64,22026.465794806718,11.540844686001101,13.823715679580276,7.430312247840529,8.40987747368457,1.000062714538343e-06,1.0009503721552203e-06,1.0000604915444233e-06,2.0166771175307645e-11,6.089821801184482e-08,1.5487214868710466e-10,7.269220269486596e-13,0.044272270254263564,0.537243977329606,0.4184836913421464,0.8173504541183839
65,22026.465794806718,1.7421972994425576,2.017847799961429,1.8831023980644979,1.7997478363598154,1.7627002632668131e-06,1.3055256117776219e-06,1.1706367284517511e-06,3.973126903275813e-10,4.699684909177724e-10,3.818146128478519e-10,3.5378920057526403e-10,6.973858747716171e-05,0.3257878413542232,0.6741424184554147,0.8347728126173488
66,22026.465794806718,4.003149270753399,5.079001418747444,4.432846808616186,3.603373559411132,4.718764784087327,1.058961737274038e-06,1.085376444430484e-06,1.0249111586485241e-11,4.2450117153358067e-11,7.002456464577436e-12,1.780271056181866e-12,4.980617893024008e-12,0.40242572705412644,0.597574272879411,0.8115117805137179
67,22026.465794806718,2.311353960097192,2.553724851266085,2.1434363540876205,2.274141075720492,0.0029458944883338327,1.0020046983967178e-06,1.4944070985923557e-06,4.470484874948053e-13,4.718100597803804e-13,5.704893409327993e-13,6.16676132473041e-13,1.516381567530927e-12,0.37262118805544964,0.6273788119409279,0.8243243243243243
68,22026.465794806718,2.761332405757615,2.9654390400750996,2.6214994741703808,2.416165423097395,2.829935229806622e-06,1.4282405653179974e-06,1.381218288752943e-06,1.2930193584193672e-09,1.545567286037452e-09,1.156759659254109e-09,7.29588129626266e-10,9.225751699050716e-05,0.5618296372232955,0.4380781005347795,0.8212276534566821
69,22026.465794806718,3.0873769361514265,3.4840846225683637,2.8430361300213995,2.122362499691394,2.3244554028214993e-06,1.0013869316876804e-06,1.2195642077409239e-06,2.890497373807802e-10,2.61667218424241e-10,1.0465707340543314e-10,6.266794376658273e-11,0.07269125948147617,0.671026495986739,0.25628224381374276,0.8261685751830299
70,22026.465794806718,2.8325290825512064,3.040243516041021,2.875189683445488,2.5556326042195483,1.4726480805761556e-06,1.0213945199326483e-06,1.1952243348895699e-06,6.674253100289418e-10,8.11318275384102e-10,5.800460242844657e-10,3.0784321732443123e-10,0.001518935442538399,0.7139845884645734,0.2844964737262554,0.8117639689300927
71,22026.465794806718,2.34143929257671,3.4517700976721133,2.2622218426929512,1.8943974942279838,8.06710185254041,4.15662734936806e-06,1.0089007231280855e-06,1.5514663970520473e-08,7.166982326931682e-08,1.5512791248207124e-08,9.594073312259971e-09,0.00585956120564749,0.3137293307395454,0.6804109957634553,0.8229329661388246
72,22026.465794806718,3.4543757539001736,5.446176432608835,3.0372551002851105,2.0377834086673245,1.0004601356844915e-06,1.5492134332910215e-06,1.0035111569771095e-06,9.311532551359327e-10,4.450041820229831e-09,4.257725107850156e-10,2.4333438852652104e-10,0.0483489694693034,0.5339697602564673,0.41768126422392743,0.8182615230460922
73,22026.465794806718,3.3266709279334528,3.8209955319879443,2.129729694938835,2.778588479000412,12.36721405455784,1.845905899503403e-06,1.0307877261296707e-06,2.154311160746153e-09,7.765386328125298e-09,1.188178742870775e-09,2.3453835790556723e-09,0.003995491196632803,0.6276648791788836,0.36833961617122374,0.8157268170426065
74,22026.465794806718,2.6841047133423444,3.346792159344418,3.1403869086952163,2.546647174277506,1.1589125231605473e-06,1.0601485197602906e-06,1.2288759563678804e-06,4.2654614647601207e-10,1.0334176418994943e-09,5.757251527881424e-10,3.242360050671359e-10,0.0011971202745571952,0.7028318569865925,0.2959710203789253,0.8249827985238006
75,22026.465794806718,3.7928933379385237,4.919697336594346,2.642983468388352,2.0016094439646084,1.1809087542695881e-06,1.0050787636304194e-06,1.0826420447302742e-06,8.586118619501992e-10,1.1000782536632829e-08,3.051010504167103e-10,2.3188187342257092e-10,0.051802827645929236,0.6925968494021965,0.25560031055549703,0.8174976481655691
76,22026.465794806718,22.009177329260584,43.115898166705094,66.86228789073913,8.506799387051695,1e-06,0.05019884887248109,1e-06,3.940083495462816e-37,1.8758827918787207e-27,0.0009920451505875587,7.932183821192079e-50,0.0025651924694125522,0.7284676978463231,0.2679750645336767,0.8125980299893344
77,22026.465794806718,3.4741381379774454,3.9769449806684656,3.0826477679190627,4.330327237540634,5.378036770945412e-06,1.0001039510308521e-06,1.0000001333347048e-06,6.215962709469694e-12,9.897980965184579e-12,5.164624096579559e-12,1.0401963119234959e-11,5.073541912097571e-05,0.8013234332626739,0.19862583128652458,0.8156592546194801
78,22026.465794806718,5.790099155565626,6.170674852890832,4.49882425285283,0.6301993395093252,1.0616631454895454e-06,1.0365387329524077e-06,1.0065429273722451e-06,3.500783647866889e-11,1.0093366066883974e-10,1.8292521948277282e-12,4.587492860615448e-14,0.3168979870910411,0.25176793336254,0.4313340794086023,0.8065120929941879
79,22026.465794806718,7.242472854140632,11.809831014510973,6.519735685792313,0.08064544143357681,1.00255376047593e-06,1.0058262008304035e-06,1.0000026320066293e-06,3.4381406833700126e-11,1.1053810639581799e-10,7.982906147553075e-13,1.634062854427101e-17,0.5090301980127632,0.28614649312809093,0.20482330871342802,0.7958724202626641
80,22026.465794806718,3.262045663706541,4.046355742372256,2.7055675457830195,1.6304781207197334,1.5775745679868363e-06,1.0138467565858238e-06,1.530054192298648e-06,2.4265555204121132e-09,5.631232240543887e-09,8.120960548571533e-10,1.4847626529472106e-10,0.19363631912752177,0.6557979819990517,0.1505656898550665,0.8044797597447287
81,22026.465794806718,4.997332928505385,5.8784003800849405,3.3802235339536026,1.8238373098853362,7.663226233678654e-06,1.3251914969217666e-06,8.642172374080394e-06,4.0303938259633673e-07,1.0360796207328153e-06,5.5534294159142834e-08,4.07070135104487e-09,0.023234796337632004,0.791846173246661,0.18491753169170827,0.8176297502034684
82,22026.465794806718,2.845738534782337,3.4294938981814207,2.6652939498684103,1.734827032252576,6.003691289544789,1.0621474998544985e-06,1.091663093306457e-06,2.9403447545317355e-12,8.603828471750179e-12,1.9545318941384884e-12,1.6997231415701753e-12,8.843869400805881e-13,0.41087343175159313,0.5891265682323241,0.8146896896896897
83,22026.465794806718,9.631512673353829,10.587225692648175,5.243481706312673,2.4256960169861723,1.0024212471696834e-06,1.1706203506679005e-06,1.0005740469086363e-06,4.503277888043639e-07,0.0014258823077966732,1.3157436226595185e-09,6.194084247086838e-11,0.005650925245129839,0.8246119349165714,0.1683108058250288,0.8081548290116498
84,22026.465794806718,3.6403215937725517,4.02804315181299,3.0438394093260914,1.2768898678996865,1.070350552607365e-06,1.0185044784931566e-06,1.0321063679226187e-06,3.7430758355357913e-10,2.485603655507444e-09,2.0110526828515172e-10,4.177833454995508e-11,0.049972517837530074,0.477587316789678,0.4724401622699971,0.8412350472850254
85,22026.465794806718,3.9885799575707344,4.361384681330306,3.234332099197725,3.078133718573726,1.4409749750850665e-06,1.0630000099109079e-06,1.1377199054421548e-06,4.623729257695451e-09,3.8132481403145055e-09,1.196529586319734e-09,6.255972751416739e-10,0.18057826677453637,0.5297184688716047,0.2897032540947547,0.8285229202037352
86,22026.465794806718,3.670355180224135,3.9496960318001357,3.3035233431096174,3.059646873123643,1.1015974946446552,1.2756982115620727e-06,1.638446562912628e-06,5.057787358428581e-10,8.786753658155688e-10,3.8791264750597645e-10,2.1700800784448337e-10,0.01426190272618392,0.5187241060737323,0.46701398921070897,0.8283671036948749
87,22026.465794806718,2.560855499108504,2.75949119537077,2.386984780701193,2.6046292384607996,0.011270892892384622,1.1725708829274063e-06,1.5520647654473388e-06,4.922654723473304e-11,6.366850722627888e-11,6.998595482065568e-11,4.5218735593954376e-11,4.287680456519112e-09,0.5437745089231992,0.4562254865610206,0.8069933575636045
88,22026.465794806718,3.160453933700098,3.5342700510620326,2.637216754526838,2.130912529974311,0.23379463531932143,2.555920965045175e-06,4.078084942755481e-06,2.0819390570972814e-08,2.5071065483529642e-08,8.915491257183231e-09,3.551387052859151e-09,0.2465730645292979,0.49210176641465486,0.26132511069871284,0.8140712945590994
89,22026.465794806718,2.714100713964036,3.5271172342856234,2.0185303818786746,2.1010082583839336,1.1956488252569134e-06,1.0012864109231138e-06,1.2570219401542025e-06,2.397764918217556e-11,9.895929794491128e-11,4.832403758031113e-12,1.2894518169684213e-11,0.038884319589450184,0.4387578086970773,0.5223578715728087,0.8220997243798547
90,22026.465794806718,2.4056267513589487,2.8207732384521114,2.2871932288657955,2.028472102793913,9.087033753621662e-06,1.1664274227667244e-06,1.1268694368264855e-06,9.868877594177477e-11,2.4639673884440785e-10,8.160662021672775e-11,1.1556992906993547e-10,7.647896365635745e-05,0.6530866639177089,0.34683685657637264,0.8195079196143492
91,22026.465794806718,3.945762083486113,4.1505520793986275,3.3534278664934,2.949614521106679,2.1321123368180875e-06,1.268956465037508e-06,1.228171796496347e-06,1.0829483697715485e-09,2.7820293199722245e-09,4.723121627339204e-10,1.9245643518500408e-10,0.07540998243999637,0.5989649045228842,0.32562510850737314,0.8281044523764794
92,22026.465794806718,40.07740262101945,33.93806808601829,6.696039835698889,8.695552442751824,1e-06,1e-06,1.0000000000036233e-06,0.0004486173597227341,0.004253647519608894,1.5240333920234772e-25,1.4675430650469232e-25,0.006377738127827108,0.44091282033298695,0.5480071766598542,0.8263532941617702
93,22026.465794806718,2.648697515429833,3.757191816443131,2.5428045545468034,2.8135089655163497,2.5744115526275464,1.02276341029361e-06,1.0008599240325253e-06,1.8651028132472236e-13,8.660793513161276e-13,1.4982694235861378e-13,1.85876934811186e-13,1.0593924501203814e-09,0.6072967953009274,0.39270320363829175,0.8025186391830086
94,22026.465794806718,5.761858032469455,6.511064894911063,3.6365632186373458,2.9060703028107873,1.00073203152502e-06,1.0173198182087266e-06,1.0281144438032123e-06,7.885812801414108e-09,9.592592166375237e-08,1.0287211410754072e-09,1.1688846939468245e-09,0.01178908459651772,0.6901097302073761,0.29810107918676587,0.8029649089885532
95,22026.465794806718,2.457136402366924,3.1191825889138713,2.3842898777507298,2.3249069320966287,1.0000087364515627e-06,3.57169576067462e-06,1.1217970073481903e-06,2.5387761602804636e-10,6.958219597095914e-10,3.060534188542431e-10,2.2004323728667627e-10,0.0005669557669225727,0.5139323207482952,0.48550072200898603,0.8391682845869606
96,22026.465794806718,4.449163496235635,7.764494696183949,3.641093454981717,1.6170878003523532,1.0000266645245403e-06,1.0000229211368413e-06,1.000008990536164e-06,1.2460069881834988e-11,7.270740390055163e-09,7.50751032843289e-12,1.0259127795625067e-12,0.0017515557895099179,0.6716510036476445,0.3265974332711117,0.8285624804259317
97,22026.465794806718,4.100015115223149,6.675569823895792,3.8488366034990893,1.2409546291697133,1.22578532332025,1.7530307242458692e-06,1.6222157149300781e-06,2.6471624696598716e-10,2.264155877954904e-08,2.0413681104368827e-10,4.172432397477038e-11,0.0065710361248999104,0.7341975587630789,0.2592313819598849,0.8297938983900269
98,22026.465794806718,7.710236364549998,8.115933702646773,3.8235145005451634,1.1448862556187414,3.7294398464252353e-06,1.0015218178673915e-06,1.0896566426621493e-06,9.737686281796611e-11,1.2797190226749542e-10,7.598828754607794e-12,1.7329835997202393e-13,0.12581751056526033,0.38733296139545836,0.4868495278061604,0.8227704701365725
99,22026.465794806718,10.372801752034622,14.302240215015603,8.28002173947121,3.6116082806689214,0.00010650533518472268,1.0000000001240566e-06,123.57333469585797,5.7981635279888635e-24,1.7164469295407932e-23,1.064179128811722e-26,2.899952277348463e-28,6.48358037348247e-05,0.04726192946541701,0.9526732347308482,0.8179020100502512
